1975-11-17,0.0
1975-11-18,0.0
1975-11-19,0.0
1975-11-20,0.0
1975-11-21,0.0
1975-11-24,0.0
1975-11-25,0.0
1975-11-26,0.0
1975-11-28,0.0
1975-12-01,0.0
1975-12-02,0.0
1975-12-03,0.0
1975-12-04,0.0
1975-12-05,0.0
1975-12-08,0.0
1975-12-09,0.0
1975-12-10,0.0
1975-12-11,0.0
1975-12-12,0.0
1975-12-15,0.0
1975-12-16,0.0
1975-12-17,0.0
1975-12-18,0.0
1975-12-19,0.0
1975-12-22,0.0
1975-12-23,0.0
1975-12-24,0.0
1975-12-26,0.0
1975-12-29,0.0
1975-12-30,0.0
1975-12-31,0.0
1976-01-02,0.0
1976-01-05,0.0
1976-01-06,0.0
1976-01-07,0.0
1976-01-08,0.0
1976-01-09,0.0
1976-01-12,0.0
1976-01-13,0.0
1976-01-14,0.0
1976-01-15,0.0
1976-01-16,0.0
1976-01-19,0.0
1976-01-20,0.0
1976-01-21,0.0
1976-01-22,0.0
1976-01-23,0.0
1976-01-26,0.0
1976-01-27,0.0
1976-01-28,0.0
1976-01-29,0.0
1976-01-30,0.0
1976-02-02,0.0
1976-02-03,0.0
1976-02-04,0.0
1976-02-05,0.0
1976-02-06,0.0
1976-02-09,0.0
1976-02-10,0.0
1976-02-11,0.0
1976-02-12,0.0
1976-02-13,0.0
1976-02-17,0.0
1976-02-18,0.0
1976-02-19,0.0
1976-02-20,0.0
1976-02-23,0.0
1976-02-24,0.0
1976-02-25,0.0
1976-02-26,0.0
1976-02-27,0.0
1976-03-01,0.0
1976-03-02,0.0
1976-03-03,0.0
1976-03-04,0.0
1976-03-05,0.0
1976-03-08,0.0
1976-03-09,0.0
1976-03-10,0.0
1976-03-11,0.0
1976-03-12,0.0
1976-03-15,0.0
1976-03-16,0.0
1976-03-17,0.0
1976-03-18,0.0
1976-03-19,0.0
1976-03-22,0.0
1976-03-23,0.0
1976-03-24,0.0
1976-03-25,0.0
1976-03-26,0.0
1976-03-29,0.0
1976-03-30,0.0
1976-03-31,0.0
1976-04-01,0.0
1976-04-02,0.0
1976-04-05,0.0
1976-04-06,0.0
1976-04-07,0.0
1976-04-08,0.0
1976-04-09,0.0
1976-04-12,0.0
1976-04-13,0.0
1976-04-14,0.0
1976-04-15,0.0
1976-04-19,0.0
1976-04-20,0.0
1976-04-21,0.0
1976-04-22,0.0
1976-04-23,0.0
1976-04-26,0.0
1976-04-27,0.0
1976-04-28,0.0
1976-04-29,0.0
1976-04-30,0.0
1976-05-03,0.0
1976-05-04,0.0
1976-05-05,0.0
1976-05-06,0.0
1976-05-07,0.0
1976-05-10,0.0
1976-05-11,0.0
1976-05-12,0.0
1976-05-13,0.0
1976-05-14,0.0
1976-05-17,0.0
1976-05-18,0.0
1976-05-19,0.0
1976-05-20,0.0
1976-05-21,0.0
1976-05-24,0.0
1976-05-25,0.0
1976-05-26,0.0
1976-05-27,0.0
1976-05-28,0.0
1976-06-01,0.0
1976-06-02,0.0
1976-06-03,0.0
1976-06-04,0.0
1976-06-07,0.0
1976-06-08,0.0
1976-06-09,0.0
1976-06-10,0.0
1976-06-11,0.0
1976-06-14,0.0
1976-06-15,0.0
1976-06-16,0.0
1976-06-17,0.0
1976-06-18,0.0
1976-06-21,0.0
1976-06-22,0.0
1976-06-23,0.0
1976-06-24,0.0
1976-06-25,0.0
1976-06-28,0.0
1976-06-29,0.0
1976-06-30,0.0
1976-07-01,0.0
1976-07-02,0.6871031522750854
1976-07-06,0.0
1976-07-07,0.0
1976-07-08,0.0
1976-07-09,0.0
1976-07-12,0.0
1976-07-13,0.0
1976-07-14,0.0
1976-07-15,0.0
1976-07-16,0.0
1976-07-19,0.0
1976-07-20,0.0
1976-07-21,0.0
1976-07-22,0.0
1976-07-23,0.0
1976-07-26,0.0
1976-07-27,0.0
1976-07-28,0.0
1976-07-29,0.0
1976-07-30,0.0
1976-08-02,0.0
1976-08-03,0.0
1976-08-04,0.0
1976-08-05,0.0
1976-08-06,0.0
1976-08-09,0.0
1976-08-10,0.0
1976-08-11,0.0
1976-08-12,0.0
1976-08-13,0.0
1976-08-16,0.0
1976-08-17,0.0
1976-08-18,0.0
1976-08-19,0.0
1976-08-20,0.0
1976-08-23,0.0
1976-08-24,0.0
1976-08-25,0.0
1976-08-26,0.0
1976-08-27,0.0
1976-08-30,0.0
1976-08-31,0.0
1976-09-01,0.0
1976-09-02,0.0
1976-09-03,0.0
1976-09-07,0.0
1976-09-08,0.0
1976-09-09,0.0
1976-09-10,0.0
1976-09-13,0.0
1976-09-14,0.0
1976-09-15,0.0
1976-09-16,0.0
1976-09-17,0.0
1976-09-20,0.0
1976-09-21,0.0
1976-09-22,0.0
1976-09-23,0.0
1976-09-24,0.0
1976-09-27,0.0
1976-09-28,0.0
1976-09-29,0.0
1976-09-30,0.0
1976-10-01,0.0
1976-10-04,0.0
1976-10-05,0.0
1976-10-06,0.0
1976-10-07,0.0
1976-10-08,0.0
1976-10-11,0.0
1976-10-12,0.0
1976-10-13,0.0
1976-10-14,0.0
1976-10-15,0.0
1976-10-18,0.0
1976-10-19,0.0
1976-10-20,0.0
1976-10-21,0.0
1976-10-22,0.0
1976-10-25,0.0
1976-10-26,0.0
1976-10-27,0.0
1976-10-28,0.6386020183563232
1976-10-29,0.0
1976-11-01,0.0
1976-11-03,0.0
1976-11-04,0.0
1976-11-05,0.0
1976-11-08,0.0
1976-11-09,0.0
1976-11-10,0.0
1976-11-11,0.0
1976-11-12,0.0
1976-11-15,0.0
1976-11-16,0.0
1976-11-17,0.0
1976-11-18,0.0
1976-11-19,0.0
1976-11-22,0.0
1976-11-23,0.0
1976-11-24,0.0
1976-11-26,0.0
1976-11-29,0.0
1976-11-30,0.0
1976-12-01,0.0
1976-12-02,0.0
1976-12-03,0.0
1976-12-06,0.0
1976-12-07,0.0
1976-12-08,0.0
1976-12-09,0.0
1976-12-10,0.0
1976-12-13,0.0
1976-12-14,0.0
1976-12-15,0.0
1976-12-16,0.0
1976-12-17,0.0
1976-12-20,0.0
1976-12-21,0.0
1976-12-22,0.0
1976-12-23,0.0
1976-12-27,0.0
1976-12-28,0.0
1976-12-29,0.0
1976-12-30,0.0
1976-12-31,0.0
1977-01-03,0.0
1977-01-04,0.0
1977-01-05,0.0
1977-01-06,0.0
1977-01-07,0.0
1977-01-10,0.0
1977-01-11,0.0
1977-01-12,0.0
1977-01-13,0.0
1977-01-14,0.0
1977-01-17,0.0
1977-01-18,0.0
1977-01-19,0.0
1977-01-20,0.0
1977-01-21,0.0
1977-01-24,0.0
1977-01-25,0.0
1977-01-26,0.0
1977-01-27,0.0
1977-01-28,0.0
1977-01-31,0.0
1977-02-01,0.0
1977-02-02,0.0
1977-02-03,0.0
1977-02-04,0.0
1977-02-07,0.0
1977-02-08,0.0
1977-02-09,0.0
1977-02-10,0.0
1977-02-11,0.0
1977-02-14,0.0
1977-02-15,0.0
1977-02-16,0.0
1977-02-17,0.0
1977-02-18,0.0
1977-02-22,0.0
1977-02-23,0.0
1977-02-24,0.0
1977-02-25,0.0
1977-02-28,0.0
1977-03-01,0.0
1977-03-02,0.0
1977-03-03,0.0
1977-03-04,0.0
1977-03-07,0.0
1977-03-08,0.0
1977-03-09,0.0
1977-03-10,0.0
1977-03-11,0.0
1977-03-14,0.0
1977-03-15,0.0
1977-03-16,0.0
1977-03-17,0.0
1977-03-18,0.0
1977-03-21,0.0
1977-03-22,0.0
1977-03-23,0.0
1977-03-24,0.0
1977-03-25,0.0
1977-03-28,0.0
1977-03-29,0.0
1977-03-30,0.0
1977-03-31,0.0
1977-04-01,0.0
1977-04-04,0.0
1977-04-05,0.0
1977-04-06,0.0
1977-04-07,0.0
1977-04-11,0.0
1977-04-12,0.0
1977-04-13,0.0
1977-04-14,0.0
1977-04-15,0.0
1977-04-18,0.0
1977-04-19,0.0
1977-04-20,0.0
1977-04-21,0.0
1977-04-22,0.0
1977-04-25,0.0
1977-04-26,0.0
1977-04-27,0.0
1977-04-28,0.0
1977-04-29,0.0
1977-05-02,0.0
1977-05-03,0.0
1977-05-04,0.0
1977-05-05,0.0
1977-05-06,0.0
1977-05-09,0.0
1977-05-10,0.0
1977-05-11,0.0
1977-05-12,0.0
1977-05-13,0.0
1977-05-16,0.0
1977-05-17,0.0
1977-05-18,0.0
1977-05-19,0.0
1977-05-20,0.0
1977-05-23,0.0
1977-05-24,0.0
1977-05-25,0.0
1977-05-26,0.0
1977-05-27,0.0
1977-05-31,0.0
1977-06-01,0.0
1977-06-02,0.0
1977-06-03,0.0
1977-06-06,0.0
1977-06-07,0.0
1977-06-08,0.0
1977-06-09,0.0
1977-06-10,0.0
1977-06-13,0.0
1977-06-14,0.0
1977-06-15,0.0
1977-06-16,0.0
1977-06-17,0.0
1977-06-20,0.0
1977-06-21,0.0
1977-06-22,0.0
1977-06-23,0.0
1977-06-24,0.0
1977-06-27,0.0
1977-06-28,0.0
1977-06-29,0.0
1977-06-30,0.0
1977-07-01,0.0
1977-07-05,0.0
1977-07-06,0.0
1977-07-07,0.0
1977-07-08,0.0
1977-07-11,0.0
1977-07-12,0.0
1977-07-13,0.0
1977-07-15,0.0
1977-07-18,0.0
1977-07-19,0.0
1977-07-20,0.0
1977-07-21,0.0
1977-07-22,0.0
1977-07-25,0.0
1977-07-26,0.0
1977-07-27,0.0
1977-07-28,0.0
1977-07-29,0.0
1977-08-01,0.0
1977-08-02,0.0
1977-08-03,0.0
1977-08-04,0.0
1977-08-05,0.0
1977-08-08,0.0
1977-08-09,0.0
1977-08-10,0.0
1977-08-11,0.0
1977-08-12,0.0
1977-08-15,0.0
1977-08-16,0.0
1977-08-17,0.0
1977-08-18,0.0
1977-08-19,0.0
1977-08-22,0.0
1977-08-23,0.0
1977-08-24,0.0
1977-08-25,0.0
1977-08-26,0.0
1977-08-29,0.0
1977-08-30,0.0
1977-08-31,0.0
1977-09-01,0.0
1977-09-02,0.0
1977-09-06,0.0
1977-09-07,0.0
1977-09-08,0.0
1977-09-09,0.0
1977-09-12,0.0
1977-09-13,0.0
1977-09-14,0.0
1977-09-15,0.0
1977-09-16,0.0
1977-09-19,0.0
1977-09-20,0.0
1977-09-21,0.0
1977-09-22,0.0
1977-09-23,0.0
1977-09-26,0.0
1977-09-27,0.0
1977-09-28,0.0
1977-09-29,0.0
1977-09-30,0.0
1977-10-03,0.0
1977-10-04,0.0
1977-10-05,0.0
1977-10-06,0.0
1977-10-07,0.0
1977-10-10,0.0
1977-10-11,0.0
1977-10-12,0.0
1977-10-13,0.0
1977-10-14,0.0
1977-10-17,0.0
1977-10-18,0.0
1977-10-19,0.0
1977-10-20,0.0
1977-10-21,0.0
1977-10-24,0.0
1977-10-25,0.0
1977-10-26,0.0
1977-10-27,0.0
1977-10-28,0.0
1977-10-31,0.0
1977-11-01,0.0
1977-11-02,0.0
1977-11-03,0.0
1977-11-04,0.0
1977-11-07,0.0
1977-11-08,0.0
1977-11-09,0.0
1977-11-10,0.0
1977-11-11,0.0
1977-11-14,0.0
1977-11-15,0.0
1977-11-16,0.0
1977-11-17,0.0
1977-11-18,0.0
1977-11-21,0.0
1977-11-22,0.0
1977-11-23,0.0
1977-11-25,0.0
1977-11-28,0.0
1977-11-29,0.0
1977-11-30,0.0
1977-12-01,0.0
1977-12-02,0.0
1977-12-05,0.0
1977-12-06,0.0
1977-12-07,0.0
1977-12-08,0.0
1977-12-09,0.0
1977-12-12,0.0
1977-12-13,0.0
1977-12-14,0.0
1977-12-15,0.0
1977-12-16,0.0
1977-12-19,0.0
1977-12-20,0.0
1977-12-21,0.0
1977-12-22,0.0
1977-12-23,0.0
1977-12-27,0.0
1977-12-28,0.0
1977-12-29,0.0
1977-12-30,0.0
1978-01-03,0.0
1978-01-04,0.0
1978-01-05,0.0
1978-01-06,0.0
1978-01-09,0.0
1978-01-10,0.0
1978-01-11,0.0
1978-01-12,0.0
1978-01-13,0.7194375395774841
1978-01-16,0.0
1978-01-17,0.0
1978-01-18,0.0
1978-01-19,0.0
1978-01-20,0.0
1978-01-23,0.0
1978-01-24,0.0
1978-01-25,0.0
1978-01-26,0.0
1978-01-27,0.0
1978-01-30,0.0
1978-01-31,0.0
1978-02-01,0.0
1978-02-02,0.0
1978-02-03,0.0
1978-02-06,0.0
1978-02-07,0.0
1978-02-08,0.0
1978-02-09,0.0
1978-02-10,0.0
1978-02-13,0.0
1978-02-14,0.0
1978-02-15,0.0
1978-02-16,0.0
1978-02-17,0.0
1978-02-21,0.0
1978-02-22,0.0
1978-02-23,0.0
1978-02-24,0.0
1978-02-27,0.0
1978-02-28,0.0
1978-03-01,0.0
1978-03-02,0.0
1978-03-03,0.0
1978-03-06,0.0
1978-03-07,0.0
1978-03-08,0.0
1978-03-09,0.0
1978-03-10,0.0
1978-03-13,0.7598546147346497
1978-03-14,0.0
1978-03-15,0.0
1978-03-16,0.0
1978-03-17,0.0
1978-03-20,0.0
1978-03-21,0.0
1978-03-22,0.0
1978-03-23,0.0
1978-03-27,0.0
1978-03-28,0.0
1978-03-29,0.0
1978-03-30,0.0
1978-03-31,0.0
1978-04-03,0.0
1978-04-04,0.0
1978-04-05,0.0
1978-04-06,0.0
1978-04-07,0.0
1978-04-10,0.0
1978-04-11,0.0
1978-04-12,0.0
1978-04-13,0.0
1978-04-14,0.0
1978-04-17,0.0
1978-04-18,0.0
1978-04-19,0.0
1978-04-20,0.0
1978-04-21,0.0
1978-04-24,0.0
1978-04-25,0.0
1978-04-26,0.0
1978-04-27,0.0
1978-04-28,0.0
1978-05-01,0.0
1978-05-02,0.0
1978-05-03,0.0
1978-05-04,0.0
1978-05-05,0.0
1978-05-08,0.0
1978-05-09,0.0
1978-05-10,0.0
1978-05-11,0.0
1978-05-12,0.0
1978-05-15,0.0
1978-05-16,0.0
1978-05-17,0.0
1978-05-18,0.0
1978-05-19,0.0
1978-05-22,0.0
1978-05-23,0.0
1978-05-24,0.0
1978-05-25,0.0
1978-05-26,0.0
1978-05-30,0.0
1978-05-31,0.0
1978-06-01,0.0
1978-06-02,0.0
1978-06-05,0.0
1978-06-06,0.0
1978-06-07,0.0
1978-06-08,0.0
1978-06-09,0.0
1978-06-12,0.0
1978-06-13,0.0
1978-06-14,0.0
1978-06-15,0.0
1978-06-16,0.0
1978-06-19,0.0
1978-06-20,0.0
1978-06-21,0.0
1978-06-22,0.0
1978-06-23,0.0
1978-06-26,0.0
1978-06-27,0.0
1978-06-28,0.0
1978-06-29,0.0
1978-06-30,0.0
1978-07-03,0.0
1978-07-05,0.0
1978-07-06,0.0
1978-07-07,0.0
1978-07-10,0.0
1978-07-11,0.0
1978-07-12,0.0
1978-07-13,0.0
1978-07-14,0.0
1978-07-17,0.0
1978-07-18,0.0
1978-07-19,0.0
1978-07-20,0.0
1978-07-21,0.0
1978-07-24,0.0
1978-07-25,0.0
1978-07-26,0.0
1978-07-27,0.0
1978-07-28,0.0
1978-07-31,0.0
1978-08-01,0.0
1978-08-02,0.0
1978-08-03,0.0
1978-08-04,0.0
1978-08-07,0.0
1978-08-08,0.0
1978-08-09,0.0
1978-08-10,0.0
1978-08-11,0.0
1978-08-14,0.0
1978-08-15,0.0
1978-08-16,0.0
1978-08-17,0.0
1978-08-18,0.0
1978-08-21,0.0
1978-08-22,0.0
1978-08-23,0.0
1978-08-24,0.0
1978-08-25,0.0
1978-08-28,0.0
1978-08-29,0.0
1978-08-30,0.0
1978-08-31,0.0
1978-09-01,0.0
1978-09-05,0.0
1978-09-06,0.0
1978-09-07,0.0
1978-09-08,0.0
1978-09-11,0.0
1978-09-12,0.0
1978-09-13,0.0
1978-09-14,0.0
1978-09-15,0.0
1978-09-18,0.0
1978-09-19,0.0
1978-09-20,0.0
1978-09-21,0.0
1978-09-22,0.0
1978-09-25,0.0
1978-09-26,0.0
1978-09-27,0.0
1978-09-28,0.0
1978-09-29,0.0
1978-10-02,0.0
1978-10-03,0.0
1978-10-04,0.0
1978-10-05,0.0
1978-10-06,0.0
1978-10-09,0.0
1978-10-10,0.0
1978-10-11,0.0
1978-10-12,0.0
1978-10-13,0.0
1978-10-16,0.0
1978-10-17,0.0
1978-10-18,0.0
1978-10-19,0.0
1978-10-20,0.0
1978-10-23,0.0
1978-10-24,0.0
1978-10-25,0.0
1978-10-26,0.0
1978-10-27,0.0
1978-10-30,0.0
1978-10-31,0.0
1978-11-01,0.0
1978-11-02,0.0
1978-11-03,0.0
1978-11-06,0.0
1978-11-07,0.0
1978-11-08,0.0
1978-11-09,0.0
1978-11-10,0.0
1978-11-13,0.0
1978-11-14,0.0
1978-11-15,0.0
1978-11-16,0.0
1978-11-17,0.0
1978-11-20,0.0
1978-11-21,0.0
1978-11-22,0.0
1978-11-24,0.0
1978-11-27,0.0
1978-11-28,0.0
1978-11-29,0.0
1978-11-30,0.0
1978-12-01,0.0
1978-12-04,0.0
1978-12-05,0.0
1978-12-06,0.0
1978-12-07,0.0
1978-12-08,0.0
1978-12-11,0.0
1978-12-12,0.0
1978-12-13,0.0
1978-12-14,0.0
1978-12-15,0.0
1978-12-18,0.0
1978-12-19,0.0
1978-12-20,0.8891925811767579
1978-12-21,0.0
1978-12-22,0.0
1978-12-26,0.0
1978-12-27,0.0
1978-12-28,0.0
1978-12-29,0.0
1979-01-02,0.0
1979-01-03,0.0
1979-01-04,0.0
1979-01-05,0.0
1979-01-08,0.0
1979-01-09,0.0
1979-01-10,0.0
1979-01-11,0.0
1979-01-12,0.0
1979-01-15,0.0
1979-01-16,0.0
1979-01-17,0.0
1979-01-18,0.0
1979-01-19,0.0
1979-01-22,0.0
1979-01-23,0.0
1979-01-24,0.0
1979-01-25,0.0
1979-01-26,0.0
1979-01-29,0.0
1979-01-30,0.0
1979-01-31,0.0
1979-02-01,0.0
1979-02-02,0.0
1979-02-05,0.0
1979-02-06,0.0
1979-02-07,0.0
1979-02-08,0.0
1979-02-09,0.0
1979-02-12,0.0
1979-02-13,0.0
1979-02-14,0.0
1979-02-15,0.0
1979-02-16,0.0
1979-02-20,0.0
1979-02-21,0.0
1979-02-22,0.0
1979-02-23,0.0
1979-02-26,0.0
1979-02-27,0.0
1979-02-28,0.0
1979-03-01,0.0
1979-03-02,0.0
1979-03-05,0.0
1979-03-06,0.0
1979-03-07,0.0
1979-03-08,0.0
1979-03-09,0.0
1979-03-12,0.0
1979-03-13,0.0
1979-03-14,0.0
1979-03-15,0.0
1979-03-16,0.0
1979-03-19,0.0
1979-03-20,0.0
1979-03-21,0.0
1979-03-22,0.0
1979-03-23,0.0
1979-03-26,0.0
1979-03-27,0.0
1979-03-28,0.0
1979-03-29,0.0
1979-03-30,0.0
1979-04-02,0.0
1979-04-03,0.0
1979-04-04,0.0
1979-04-05,0.0
1979-04-06,0.0
1979-04-09,0.0
1979-04-10,0.0
1979-04-11,0.0
1979-04-12,0.0
1979-04-16,0.0
1979-04-17,0.0
1979-04-18,0.0
1979-04-19,0.0
1979-04-20,0.0
1979-04-23,0.0
1979-04-24,0.0
1979-04-25,0.0
1979-04-26,0.0
1979-04-27,0.0
1979-04-30,0.0
1979-05-01,0.0
1979-05-02,0.0
1979-05-03,0.0
1979-05-04,0.0
1979-05-07,0.0
1979-05-08,0.0
1979-05-09,0.0
1979-05-10,0.0
1979-05-11,0.0
1979-05-14,0.0
1979-05-15,0.0
1979-05-16,0.0
1979-05-17,0.0
1979-05-18,0.0
1979-05-21,0.0
1979-05-22,0.0
1979-05-23,0.0
1979-05-24,0.0
1979-05-25,0.0
1979-05-29,0.0
1979-05-30,0.0
1979-05-31,0.0
1979-06-01,0.0
1979-06-04,0.0
1979-06-05,0.0
1979-06-06,0.0
1979-06-07,0.0
1979-06-08,0.0
1979-06-11,0.0
1979-06-12,0.0
1979-06-13,0.0
1979-06-14,0.0
1979-06-15,0.0
1979-06-18,0.0
1979-06-19,0.0
1979-06-20,0.0
1979-06-21,0.0
1979-06-22,0.0
1979-06-25,0.0
1979-06-26,0.0
1979-06-27,0.0
1979-06-28,0.0
1979-06-29,0.0
1979-07-02,0.0
1979-07-03,0.0
1979-07-05,0.0
1979-07-06,0.0
1979-07-09,0.0
1979-07-10,0.0
1979-07-11,0.0
1979-07-12,0.0
1979-07-13,0.0
1979-07-16,0.0
1979-07-17,0.0
1979-07-18,0.0
1979-07-19,0.0
1979-07-20,0.0
1979-07-23,0.0
1979-07-24,0.0
1979-07-25,0.0
1979-07-26,0.0
1979-07-27,0.0
1979-07-30,0.0
1979-07-31,0.0
1979-08-01,0.0
1979-08-02,0.0
1979-08-03,0.0
1979-08-06,0.0
1979-08-07,0.0
1979-08-08,0.0
1979-08-09,0.0
1979-08-10,0.0
1979-08-13,0.0
1979-08-14,0.0
1979-08-15,0.0
1979-08-16,0.0
1979-08-17,0.0
1979-08-20,0.0
1979-08-21,0.0
1979-08-22,0.0
1979-08-23,0.0
1979-08-24,0.0
1979-08-27,0.0
1979-08-28,0.0
1979-08-29,0.0
1979-08-30,0.0
1979-08-31,0.0
1979-09-04,0.0
1979-09-05,0.0
1979-09-06,0.0
1979-09-07,0.0
1979-09-10,0.0
1979-09-11,0.0
1979-09-12,0.0
1979-09-13,0.0
1979-09-14,0.0
1979-09-17,0.0
1979-09-18,0.0
1979-09-19,0.0
1979-09-20,0.0
1979-09-21,0.0
1979-09-24,0.0
1979-09-25,0.0
1979-09-26,0.0
1979-09-27,0.0
1979-09-28,0.0
1979-10-01,0.0
1979-10-02,0.0
1979-10-03,0.0
1979-10-04,0.0
1979-10-05,0.0
1979-10-08,0.0
1979-10-09,0.0
1979-10-10,0.0
1979-10-11,0.0
1979-10-12,0.0
1979-10-15,0.0
1979-10-16,0.0
1979-10-17,0.0
1979-10-18,0.0
1979-10-19,0.0
1979-10-22,0.0
1979-10-23,0.0
1979-10-24,0.0
1979-10-25,0.0
1979-10-26,0.0
1979-10-29,0.0
1979-10-30,0.0
1979-10-31,0.0
1979-11-01,0.0
1979-11-02,0.0
1979-11-05,0.0
1979-11-06,0.0
1979-11-07,0.0
1979-11-08,0.0
1979-11-09,0.0
1979-11-12,0.0
1979-11-13,0.0
1979-11-14,0.0
1979-11-15,0.0
1979-11-16,0.0
1979-11-19,0.0
1979-11-20,0.0
1979-11-21,0.0
1979-11-23,0.7841060161590576
1979-11-26,0.0
1979-11-27,0.0
1979-11-28,0.0
1979-11-29,0.0
1979-11-30,0.8002726435661315
1979-12-03,0.0
1979-12-04,0.0
1979-12-05,0.0
1979-12-06,0.0
1979-12-07,0.0
1979-12-10,0.0
1979-12-11,0.0
1979-12-12,0.0
1979-12-13,0.0
1979-12-14,0.0
1979-12-17,0.0
1979-12-18,0.0
1979-12-19,0.0
1979-12-20,0.0
1979-12-21,0.0
1979-12-24,0.0
1979-12-26,0.0
1979-12-27,0.0
1979-12-28,0.0
1979-12-31,0.0
1980-01-02,0.0
1980-01-03,0.0
1980-01-04,0.0
1980-01-07,0.0
1980-01-08,0.0
1980-01-09,0.0
1980-01-10,0.0
1980-01-11,0.0
1980-01-14,0.0
1980-01-15,0.0
1980-01-16,0.0
1980-01-17,0.0
1980-01-18,0.0
1980-01-21,0.0
1980-01-22,0.0
1980-01-23,0.0
1980-01-24,0.0
1980-01-25,0.0
1980-01-28,0.0
1980-01-29,0.0
1980-01-30,0.0
1980-01-31,0.0
1980-02-01,0.0
1980-02-04,0.0
1980-02-05,0.0
1980-02-06,0.0
1980-02-07,0.0
1980-02-08,0.0
1980-02-11,0.0
1980-02-12,0.0
1980-02-13,0.0
1980-02-14,0.0
1980-02-15,0.0
1980-02-19,0.0
1980-02-20,0.0
1980-02-21,0.0
1980-02-22,0.0
1980-02-25,0.0
1980-02-26,0.0
1980-02-27,0.0
1980-02-28,0.0
1980-02-29,0.0
1980-03-03,0.0
1980-03-04,0.0
1980-03-05,0.0
1980-03-06,0.0
1980-03-07,0.0
1980-03-10,0.0
1980-03-11,0.0
1980-03-12,0.0
1980-03-13,0.0
1980-03-14,0.0
1980-03-17,0.0
1980-03-18,0.0
1980-03-19,0.0
1980-03-20,0.0
1980-03-21,0.0
1980-03-24,0.0
1980-03-25,0.0
1980-03-26,0.0
1980-03-27,0.0
1980-03-28,0.0
1980-03-31,0.0
1980-04-01,0.0
1980-04-02,0.0
1980-04-03,0.0
1980-04-07,0.0
1980-04-08,0.0
1980-04-09,0.0
1980-04-10,0.0
1980-04-11,0.0
1980-04-14,0.0
1980-04-15,0.0
1980-04-16,0.0
1980-04-17,0.0
1980-04-18,0.0
1980-04-21,0.0
1980-04-22,0.0
1980-04-23,0.0
1980-04-24,0.0
1980-04-25,0.0
1980-04-28,0.0
1980-04-29,0.0
1980-04-30,0.0
1980-05-01,0.0
1980-05-02,0.0
1980-05-05,0.0
1980-05-06,0.0
1980-05-07,0.0
1980-05-08,0.0
1980-05-09,0.0
1980-05-12,0.0
1980-05-13,0.0
1980-05-14,0.0
1980-05-15,0.0
1980-05-16,0.0
1980-05-19,0.0
1980-05-20,0.0
1980-05-21,0.0
1980-05-22,0.0
1980-05-23,0.0
1980-05-27,0.0
1980-05-28,0.0
1980-05-29,0.0
1980-05-30,0.0
1980-06-02,0.0
1980-06-03,0.0
1980-06-04,0.0
1980-06-05,0.0
1980-06-06,0.0
1980-06-09,0.0
1980-06-10,0.0
1980-06-11,0.0
1980-06-12,0.0
1980-06-13,0.0
1980-06-16,0.0
1980-06-17,0.0
1980-06-18,0.0
1980-06-19,0.0
1980-06-20,0.0
1980-06-23,0.0
1980-06-24,0.0
1980-06-25,0.0
1980-06-26,0.0
1980-06-27,0.0
1980-06-30,0.0
1980-07-01,0.0
1980-07-02,0.0
1980-07-03,0.0
1980-07-07,0.0
1980-07-08,0.0
1980-07-09,0.0
1980-07-10,0.0
1980-07-11,0.0
1980-07-14,0.0
1980-07-15,0.0
1980-07-16,0.0
1980-07-17,0.0
1980-07-18,0.0
1980-07-21,0.0
1980-07-22,0.0
1980-07-23,0.0
1980-07-24,0.0
1980-07-25,0.0
1980-07-28,0.0
1980-07-29,0.0
1980-07-30,0.0
1980-07-31,0.0
1980-08-01,0.0
1980-08-04,0.0
1980-08-05,0.0
1980-08-06,0.0
1980-08-07,0.0
1980-08-08,0.0
1980-08-11,0.0
1980-08-12,0.0
1980-08-13,0.0
1980-08-14,0.0
1980-08-15,0.0
1980-08-18,0.0
1980-08-19,0.0
1980-08-20,0.0
1980-08-21,0.0
1980-08-22,0.0
1980-08-25,0.0
1980-08-26,0.0
1980-08-27,0.0
1980-08-28,0.0
1980-08-29,0.0
1980-09-02,0.0
1980-09-03,0.0
1980-09-04,0.0
1980-09-05,0.0
1980-09-08,0.0
1980-09-09,0.0
1980-09-10,0.0
1980-09-11,0.0
1980-09-12,0.0
1980-09-15,0.0
1980-09-16,0.0
1980-09-17,0.0
1980-09-18,0.0
1980-09-19,0.0
1980-09-22,0.0
1980-09-23,0.0
1980-09-24,0.0
1980-09-25,0.0
1980-09-26,0.0
1980-09-29,0.0
1980-09-30,0.0
1980-10-01,0.0
1980-10-02,0.0
1980-10-03,0.0
1980-10-06,0.0
1980-10-07,0.0
1980-10-08,0.0
1980-10-09,0.9053594470024109
1980-10-10,0.0
1980-10-13,0.0
1980-10-14,0.0
1980-10-15,0.0
1980-10-16,0.0
1980-10-17,0.0
1980-10-20,0.0
1980-10-21,0.0
1980-10-22,0.0
1980-10-23,0.0
1980-10-24,0.0
1980-10-27,0.0
1980-10-28,0.0
1980-10-29,0.0
1980-10-30,0.0
1980-10-31,0.0
1980-11-03,0.0
1980-11-05,0.0
1980-11-06,0.0
1980-11-07,0.0
1980-11-10,0.0
1980-11-11,0.0
1980-11-12,0.0
1980-11-13,0.0
1980-11-14,0.0
1980-11-17,0.0
1980-11-18,0.0
1980-11-19,0.0
1980-11-20,0.0
1980-11-21,0.0
1980-11-24,0.0
1980-11-25,0.0
1980-11-26,0.0
1980-11-28,0.0
1980-12-01,0.0
1980-12-02,0.0
1980-12-03,0.0
1980-12-04,0.0
1980-12-05,0.0
1980-12-08,0.0
1980-12-09,0.0
1980-12-10,0.0
1980-12-11,0.0
1980-12-12,0.0
1980-12-15,0.0
1980-12-16,0.0
1980-12-17,0.0
1980-12-18,0.0
1980-12-19,0.0
1980-12-22,0.0
1980-12-23,0.0
1980-12-24,0.0
1980-12-26,0.0
1980-12-29,0.0
1980-12-30,0.0
1980-12-31,0.0
1981-01-02,0.0
1981-01-05,0.0
1981-01-06,0.0
1981-01-07,0.0
1981-01-08,0.0
1981-01-09,0.0
1981-01-12,0.0
1981-01-13,0.0
1981-01-14,0.0
1981-01-15,0.0
1981-01-16,0.0
1981-01-19,0.0
1981-01-20,0.0
1981-01-21,0.0
1981-01-22,0.0
1981-01-23,0.0
1981-01-26,0.0
1981-01-27,0.0
1981-01-28,0.0
1981-01-29,0.0
1981-01-30,0.0
1981-02-02,0.0
1981-02-03,0.0
1981-02-04,0.0
1981-02-05,0.0
1981-02-06,0.0
1981-02-09,0.0
1981-02-10,0.0
1981-02-11,0.0
1981-02-12,0.0
1981-02-13,0.0
1981-02-17,0.0
1981-02-18,0.0
1981-02-19,0.0
1981-02-20,0.0
1981-02-23,0.0
1981-02-24,0.0
1981-02-25,0.0
1981-02-26,0.0
1981-02-27,0.0
1981-03-02,0.0
1981-03-03,0.0
1981-03-04,0.0
1981-03-05,0.0
1981-03-06,0.0
1981-03-09,0.0
1981-03-10,0.0
1981-03-11,0.0
1981-03-12,0.0
1981-03-13,0.0
1981-03-16,0.0
1981-03-17,0.0
1981-03-18,0.0
1981-03-19,0.0
1981-03-20,0.0
1981-03-23,0.0
1981-03-24,0.0
1981-03-25,0.0
1981-03-26,0.0
1981-03-27,0.0
1981-03-30,0.0
1981-03-31,0.0
1981-04-01,0.0
1981-04-02,0.0
1981-04-03,0.0
1981-04-06,0.0
1981-04-07,0.0
1981-04-08,0.0
1981-04-09,0.0
1981-04-10,0.0
1981-04-13,0.0
1981-04-14,0.0
1981-04-15,0.0
1981-04-16,0.0
1981-04-20,0.0
1981-04-21,0.0
1981-04-22,0.0
1981-04-23,0.0
1981-04-24,0.0
1981-04-27,0.0
1981-04-28,0.0
1981-04-29,0.0
1981-04-30,0.0
1981-05-01,0.0
1981-05-04,0.0
1981-05-05,0.0
1981-05-06,0.0
1981-05-07,0.0
1981-05-08,0.0
1981-05-11,0.0
1981-05-12,0.0
1981-05-13,0.0
1981-05-14,0.0
1981-05-15,0.0
1981-05-18,0.0
1981-05-19,0.0
1981-05-20,0.0
1981-05-21,0.0
1981-05-22,0.0
1981-05-26,0.0
1981-05-27,0.0
1981-05-28,0.0
1981-05-29,0.0
1981-06-01,0.0
1981-06-02,0.0
1981-06-03,0.0
1981-06-04,0.0
1981-06-05,0.0
1981-06-08,0.0
1981-06-09,0.0
1981-06-10,0.0
1981-06-11,0.0
1981-06-12,0.0
1981-06-15,0.0
1981-06-16,0.0
1981-06-17,0.0
1981-06-18,0.0
1981-06-19,0.0
1981-06-22,0.0
1981-06-23,0.0
1981-06-24,0.0
1981-06-25,0.0
1981-06-26,0.0
1981-06-29,0.0
1981-06-30,0.0
1981-07-01,0.0
1981-07-02,0.0
1981-07-06,0.0
1981-07-07,0.0
1981-07-08,0.0
1981-07-09,0.0
1981-07-10,0.0
1981-07-13,0.0
1981-07-14,0.0
1981-07-15,0.0
1981-07-16,0.0
1981-07-17,0.0
1981-07-20,0.0
1981-07-21,0.0
1981-07-22,0.0
1981-07-23,0.0
1981-07-24,0.0
1981-07-27,0.0
1981-07-28,0.0
1981-07-29,0.0
1981-07-30,0.0
1981-07-31,0.0
1981-08-03,0.0
1981-08-04,0.0
1981-08-05,0.0
1981-08-06,0.0
1981-08-07,0.0
1981-08-10,1.3176209926605222
1981-08-11,0.0
1981-08-12,0.0
1981-08-13,0.0
1981-08-14,0.0
1981-08-17,0.0
1981-08-18,0.0
1981-08-19,0.0
1981-08-20,0.0
1981-08-21,0.0
1981-08-24,0.0
1981-08-25,0.0
1981-08-26,0.0
1981-08-27,0.0
1981-08-28,0.0
1981-08-31,0.0
1981-09-01,0.0
1981-09-02,0.0
1981-09-03,0.0
1981-09-04,0.0
1981-09-08,0.0
1981-09-09,0.0
1981-09-10,0.0
1981-09-11,0.0
1981-09-14,0.0
1981-09-15,0.0
1981-09-16,0.0
1981-09-17,0.0
1981-09-18,0.0
1981-09-21,0.0
1981-09-22,0.0
1981-09-23,0.0
1981-09-24,0.0
1981-09-25,0.0
1981-09-28,0.0
1981-09-29,0.0
1981-09-30,0.0
1981-10-01,0.0
1981-10-02,0.0
1981-10-05,0.0
1981-10-06,0.0
1981-10-07,0.0
1981-10-08,0.0
1981-10-09,0.0
1981-10-12,0.0
1981-10-13,0.0
1981-10-14,0.0
1981-10-15,0.0
1981-10-16,0.0
1981-10-19,0.0
1981-10-20,0.0
1981-10-21,0.0
1981-10-22,0.0
1981-10-23,0.0
1981-10-26,0.0
1981-10-27,0.0
1981-10-28,0.0
1981-10-29,0.0
1981-10-30,0.0
1981-11-02,0.0
1981-11-03,0.0
1981-11-04,0.0
1981-11-05,0.0
1981-11-06,0.0
1981-11-09,0.0
1981-11-10,0.0
1981-11-11,0.0
1981-11-12,0.0
1981-11-13,0.0
1981-11-16,0.0
1981-11-17,0.0
1981-11-18,0.0
1981-11-19,0.0
1981-11-20,0.0
1981-11-23,0.0
1981-11-24,0.0
1981-11-25,0.0
1981-11-27,0.0
1981-11-30,0.0
1981-12-01,0.0
1981-12-02,0.0
1981-12-03,0.0
1981-12-04,0.0
1981-12-07,0.0
1981-12-08,0.0
1981-12-09,0.0
1981-12-10,0.0
1981-12-11,0.0
1981-12-14,0.0
1981-12-15,0.0
1981-12-16,0.0
1981-12-17,0.0
1981-12-18,0.0
1981-12-21,0.0
1981-12-22,0.0
1981-12-23,0.0
1981-12-24,0.0
1981-12-28,0.0
1981-12-29,0.0
1981-12-30,0.0
1981-12-31,0.0
1982-01-04,0.0
1982-01-05,0.0
1982-01-06,0.0
1982-01-07,0.0
1982-01-08,0.0
1982-01-11,0.0
1982-01-12,0.0
1982-01-13,0.0
1982-01-14,0.0
1982-01-15,0.0
1982-01-18,0.0
1982-01-19,0.0
1982-01-20,0.0
1982-01-21,0.0
1982-01-22,0.0
1982-01-25,0.0
1982-01-26,0.0
1982-01-27,0.0
1982-01-28,0.0
1982-01-29,0.0
1982-02-01,0.0
1982-02-02,0.0
1982-02-03,0.0
1982-02-04,0.0
1982-02-05,0.0
1982-02-08,0.0
1982-02-09,0.0
1982-02-10,0.0
1982-02-11,0.0
1982-02-12,0.0
1982-02-16,0.0
1982-02-17,0.0
1982-02-18,0.0
1982-02-19,0.0
1982-02-22,0.0
1982-02-23,0.0
1982-02-24,0.0
1982-02-25,0.0
1982-02-26,0.0
1982-03-01,0.0
1982-03-02,0.0
1982-03-03,0.0
1982-03-04,0.0
1982-03-05,0.0
1982-03-08,0.0
1982-03-09,0.0
1982-03-10,0.0
1982-03-11,0.0
1982-03-12,0.0
1982-03-15,0.0
1982-03-16,0.0
1982-03-17,0.0
1982-03-18,0.0
1982-03-19,0.0
1982-03-22,0.0
1982-03-23,0.0
1982-03-24,0.0
1982-03-25,0.0
1982-03-26,0.0
1982-03-29,0.0
1982-03-30,0.0
1982-03-31,0.0
1982-04-01,0.0
1982-04-02,0.0
1982-04-05,0.0
1982-04-06,0.0
1982-04-07,0.0
1982-04-08,0.0
1982-04-12,0.0
1982-04-13,0.0
1982-04-14,0.0
1982-04-15,0.0
1982-04-16,0.0
1982-04-19,0.0
1982-04-20,0.0
1982-04-21,0.0
1982-04-22,0.0
1982-04-23,0.0
1982-04-26,0.0
1982-04-27,0.0
1982-04-28,0.0
1982-04-29,0.0
1982-04-30,0.0
1982-05-03,0.0
1982-05-04,0.0
1982-05-05,0.0
1982-05-06,0.0
1982-05-07,0.0
1982-05-10,0.0
1982-05-11,0.0
1982-05-12,0.0
1982-05-13,0.0
1982-05-14,0.0
1982-05-17,0.0
1982-05-18,0.0
1982-05-19,0.0
1982-05-20,0.0
1982-05-21,0.0
1982-05-24,0.0
1982-05-25,0.0
1982-05-26,0.0
1982-05-27,0.0
1982-05-28,0.0
1982-06-01,0.0
1982-06-02,0.0
1982-06-03,0.0
1982-06-04,0.0
1982-06-07,0.0
1982-06-08,0.0
1982-06-09,0.0
1982-06-10,0.0
1982-06-11,0.0
1982-06-14,0.0
1982-06-15,0.0
1982-06-16,0.0
1982-06-17,0.0
1982-06-18,0.0
1982-06-21,0.0
1982-06-22,0.0
1982-06-23,0.0
1982-06-24,0.0
1982-06-25,0.0
1982-06-28,0.0
1982-06-29,0.0
1982-06-30,0.0
1982-07-01,0.0
1982-07-02,0.0
1982-07-06,0.0
1982-07-07,0.0
1982-07-08,0.0
1982-07-09,0.0
1982-07-12,0.0
1982-07-13,0.0
1982-07-14,0.0
1982-07-15,0.0
1982-07-16,0.0
1982-07-19,0.0
1982-07-20,0.0
1982-07-21,0.0
1982-07-22,0.0
1982-07-23,0.0
1982-07-26,0.0
1982-07-27,0.0
1982-07-28,0.0
1982-07-29,0.0
1982-07-30,0.0
1982-08-02,0.0
1982-08-03,0.0
1982-08-04,0.0
1982-08-05,0.0
1982-08-06,0.0
1982-08-09,0.0
1982-08-10,0.0
1982-08-11,0.0
1982-08-12,0.0
1982-08-13,0.0
1982-08-16,0.0
1982-08-17,0.0
1982-08-18,0.0
1982-08-19,0.0
1982-08-20,0.0
1982-08-23,0.0
1982-08-24,0.0
1982-08-25,0.0
1982-08-26,0.0
1982-08-27,0.0
1982-08-30,0.0
1982-08-31,0.0
1982-09-01,0.0
1982-09-02,0.0
1982-09-03,0.0
1982-09-07,0.0
1982-09-08,0.0
1982-09-09,0.0
1982-09-10,0.0
1982-09-13,0.0
1982-09-14,0.0
1982-09-15,0.0
1982-09-16,0.0
1982-09-17,0.0
1982-09-20,1.7703009843826294
1982-09-21,1.7703009843826294
1982-09-22,1.7703009843826294
1982-09-23,1.7703009843826294
1982-09-24,1.7703009843826294
1982-09-27,1.7703009843826294
1982-09-28,1.7703009843826294
1982-09-29,1.7703009843826294
1982-09-30,1.7703009843826294
1982-10-01,1.7703009843826294
1982-10-04,1.7703009843826294
1982-10-05,1.7703009843826294
1982-10-06,1.7703009843826294
1982-10-07,1.7703009843826294
1982-10-08,1.7703009843826294
1982-10-11,1.7703009843826294
1982-10-12,1.7703009843826294
1982-10-13,1.7703009843826294
1982-10-14,1.7703009843826294
1982-10-15,1.7703009843826294
1982-10-18,1.7703009843826294
1982-10-19,1.7703009843826294
1982-10-20,1.7703009843826294
1982-10-21,1.7703009843826294
1982-10-22,1.7703009843826294
1982-10-25,1.7703009843826294
1982-10-26,1.7703009843826294
1982-10-27,1.7703009843826294
1982-10-28,1.7703009843826294
1982-10-29,1.7703009843826294
1982-11-01,1.7703009843826294
1982-11-02,0.0
1982-11-03,0.0
1982-11-04,0.0
1982-11-05,0.0
1982-11-08,0.0
1982-11-09,0.0
1982-11-10,0.0
1982-11-11,0.0
1982-11-12,0.0
1982-11-15,0.0
1982-11-16,0.0
1982-11-17,0.0
1982-11-18,0.0
1982-11-19,0.0
1982-11-22,0.0
1982-11-23,0.0
1982-11-24,0.0
1982-11-26,0.0
1982-11-29,0.0
1982-11-30,0.0
1982-12-01,0.0
1982-12-02,0.0
1982-12-03,0.0
1982-12-06,0.0
1982-12-07,0.0
1982-12-08,0.0
1982-12-09,0.0
1982-12-10,0.0
1982-12-13,0.0
1982-12-14,0.0
1982-12-15,0.0
1982-12-16,0.0
1982-12-17,0.0
1982-12-20,0.0
1982-12-21,0.0
1982-12-22,0.0
1982-12-23,0.0
1982-12-27,0.0
1982-12-28,0.0
1982-12-29,0.0
1982-12-30,0.0
1982-12-31,0.0
1983-01-03,0.0
1983-01-04,0.0
1983-01-05,0.0
1983-01-06,0.0
1983-01-07,0.0
1983-01-10,0.0
1983-01-11,0.0
1983-01-12,0.0
1983-01-13,0.0
1983-01-14,0.0
1983-01-17,0.0
1983-01-18,0.0
1983-01-19,0.0
1983-01-20,0.0
1983-01-21,0.0
1983-01-24,0.0
1983-01-25,0.0
1983-01-26,0.0
1983-01-27,0.0
1983-01-28,0.0
1983-01-31,0.0
1983-02-01,0.0
1983-02-02,0.0
1983-02-03,0.0
1983-02-04,0.0
1983-02-07,0.0
1983-02-08,0.0
1983-02-09,0.0
1983-02-10,0.0
1983-02-11,0.0
1983-02-14,0.0
1983-02-15,0.0
1983-02-16,0.0
1983-02-17,0.0
1983-02-18,0.0
1983-02-22,0.0
1983-02-23,0.0
1983-02-24,0.0
1983-02-25,0.0
1983-02-28,0.0
1983-03-01,0.0
1983-03-02,0.0
1983-03-03,0.0
1983-03-04,0.0
1983-03-07,0.0
1983-03-08,0.0
1983-03-09,0.0
1983-03-10,0.0
1983-03-11,0.0
1983-03-14,0.0
1983-03-15,0.0
1983-03-16,0.0
1983-03-17,0.0
1983-03-18,0.0
1983-03-21,0.0
1983-03-22,0.0
1983-03-23,0.0
1983-03-24,0.0
1983-03-25,0.0
1983-03-28,0.0
1983-03-29,0.0
1983-03-30,0.0
1983-03-31,0.0
1983-04-04,0.0
1983-04-05,0.0
1983-04-06,0.0
1983-04-07,0.0
1983-04-08,0.0
1983-04-11,0.0
1983-04-12,0.0
1983-04-13,0.0
1983-04-14,0.0
1983-04-15,0.0
1983-04-18,0.0
1983-04-19,0.0
1983-04-20,0.0
1983-04-21,0.0
1983-04-22,0.0
1983-04-25,0.0
1983-04-26,0.0
1983-04-27,0.0
1983-04-28,0.0
1983-04-29,0.0
1983-05-02,0.0
1983-05-03,0.0
1983-05-04,0.0
1983-05-05,0.0
1983-05-06,0.0
1983-05-09,0.0
1983-05-10,0.0
1983-05-11,0.0
1983-05-12,0.0
1983-05-13,0.0
1983-05-16,0.0
1983-05-17,0.0
1983-05-18,0.0
1983-05-19,0.0
1983-05-20,0.0
1983-05-23,0.0
1983-05-24,0.0
1983-05-25,0.0
1983-05-26,0.0
1983-05-27,0.0
1983-05-31,0.0
1983-06-01,0.0
1983-06-02,0.0
1983-06-03,0.0
1983-06-06,0.0
1983-06-07,0.0
1983-06-08,0.0
1983-06-09,0.0
1983-06-10,0.0
1983-06-13,0.0
1983-06-14,0.0
1983-06-15,0.0
1983-06-16,0.0
1983-06-17,0.0
1983-06-20,0.0
1983-06-21,0.0
1983-06-22,0.0
1983-06-23,0.0
1983-06-24,0.0
1983-06-27,0.0
1983-06-28,0.0
1983-06-29,0.0
1983-06-30,0.0
1983-07-01,0.0
1983-07-05,0.0
1983-07-06,0.0
1983-07-07,0.0
1983-07-08,0.0
1983-07-11,0.0
1983-07-12,0.0
1983-07-13,0.0
1983-07-14,0.0
1983-07-15,0.0
1983-07-18,0.0
1983-07-19,0.0
1983-07-20,0.0
1983-07-21,0.0
1983-07-22,0.0
1983-07-25,0.0
1983-07-26,0.0
1983-07-27,0.0
1983-07-28,0.0
1983-07-29,0.0
1983-08-01,0.0
1983-08-02,0.0
1983-08-03,0.0
1983-08-04,0.0
1983-08-05,0.0
1983-08-08,0.0
1983-08-09,0.0
1983-08-10,0.0
1983-08-11,0.0
1983-08-12,0.0
1983-08-15,0.0
1983-08-16,0.0
1983-08-17,0.0
1983-08-18,0.0
1983-08-19,0.0
1983-08-22,0.0
1983-08-23,0.0
1983-08-24,0.0
1983-08-25,0.0
1983-08-26,0.0
1983-08-29,0.0
1983-08-30,0.0
1983-08-31,0.0
1983-09-01,0.0
1983-09-02,0.0
1983-09-06,0.0
1983-09-07,0.0
1983-09-08,0.0
1983-09-09,0.0
1983-09-12,0.0
1983-09-13,0.0
1983-09-14,0.0
1983-09-15,0.0
1983-09-16,0.0
1983-09-19,0.0
1983-09-20,0.0
1983-09-21,0.0
1983-09-22,0.0
1983-09-23,0.0
1983-09-26,0.0
1983-09-27,0.0
1983-09-28,0.0
1983-09-29,0.0
1983-09-30,0.0
1983-10-03,0.0
1983-10-04,0.0
1983-10-05,0.0
1983-10-06,0.0
1983-10-07,0.0
1983-10-10,0.0
1983-10-11,0.0
1983-10-12,0.0
1983-10-13,0.0
1983-10-14,0.0
1983-10-17,0.0
1983-10-18,0.0
1983-10-19,0.0
1983-10-20,0.0
1983-10-21,0.0
1983-10-24,0.0
1983-10-25,0.0
1983-10-26,0.0
1983-10-27,0.0
1983-10-28,0.0
1983-10-31,0.0
1983-11-01,0.0
1983-11-02,0.0
1983-11-03,0.0
1983-11-04,0.0
1983-11-07,0.0
1983-11-08,0.0
1983-11-09,0.0
1983-11-10,0.0
1983-11-11,0.0
1983-11-14,0.0
1983-11-15,0.0
1983-11-16,0.0
1983-11-17,0.0
1983-11-18,0.0
1983-11-21,0.0
1983-11-22,0.0
1983-11-23,0.0
1983-11-25,0.0
1983-11-28,0.0
1983-11-29,0.0
1983-11-30,0.0
1983-12-01,0.0
1983-12-02,0.0
1983-12-05,0.0
1983-12-06,0.0
1983-12-07,0.0
1983-12-08,0.0
1983-12-09,0.0
1983-12-12,0.0
1983-12-13,0.0
1983-12-14,0.0
1983-12-15,0.0
1983-12-16,0.0
1983-12-19,0.0
1983-12-20,0.0
1983-12-21,0.0
1983-12-22,0.0
1983-12-23,0.0
1983-12-27,0.0
1983-12-28,0.0
1983-12-29,0.0
1983-12-30,0.0
1984-01-03,0.0
1984-01-04,0.0
1984-01-05,0.0
1984-01-06,0.0
1984-01-09,0.0
1984-01-10,0.0
1984-01-11,0.0
1984-01-12,0.0
1984-01-13,0.0
1984-01-16,0.0
1984-01-17,0.0
1984-01-18,0.0
1984-01-19,0.0
1984-01-20,0.0
1984-01-23,0.0
1984-01-24,0.0
1984-01-25,0.0
1984-01-26,0.0
1984-01-27,0.0
1984-01-30,0.0
1984-01-31,0.0
1984-02-01,0.0
1984-02-02,0.0
1984-02-03,0.0
1984-02-06,0.0
1984-02-07,0.0
1984-02-08,0.0
1984-02-09,0.0
1984-02-10,0.0
1984-02-13,0.0
1984-02-14,0.0
1984-02-15,0.0
1984-02-16,0.0
1984-02-17,0.0
1984-02-21,0.0
1984-02-22,0.0
1984-02-23,0.0
1984-02-24,0.0
1984-02-27,0.0
1984-02-28,0.0
1984-02-29,0.0
1984-03-01,0.0
1984-03-02,0.0
1984-03-05,0.0
1984-03-06,0.0
1984-03-07,0.0
1984-03-08,0.0
1984-03-09,0.0
1984-03-12,0.0
1984-03-13,0.0
1984-03-14,0.0
1984-03-15,0.0
1984-03-16,0.0
1984-03-19,0.0
1984-03-20,0.0
1984-03-21,0.0
1984-03-22,0.0
1984-03-23,0.0
1984-03-26,0.0
1984-03-27,0.0
1984-03-28,0.0
1984-03-29,0.0
1984-03-30,0.0
1984-04-02,0.0
1984-04-03,0.0
1984-04-04,0.0
1984-04-05,0.0
1984-04-06,0.0
1984-04-09,0.0
1984-04-10,0.0
1984-04-11,0.0
1984-04-12,0.0
1984-04-13,0.0
1984-04-16,0.0
1984-04-17,0.0
1984-04-18,0.0
1984-04-19,0.0
1984-04-23,0.0
1984-04-24,0.0
1984-04-25,0.0
1984-04-26,0.0
1984-04-27,0.0
1984-04-30,0.0
1984-05-01,0.0
1984-05-02,0.0
1984-05-03,0.0
1984-05-04,0.0
1984-05-07,0.0
1984-05-08,0.0
1984-05-09,0.0
1984-05-10,0.0
1984-05-11,0.0
1984-05-14,0.0
1984-05-15,0.0
1984-05-16,0.0
1984-05-17,0.0
1984-05-18,0.0
1984-05-21,0.0
1984-05-22,0.0
1984-05-23,0.0
1984-05-24,0.0
1984-05-25,0.0
1984-05-29,0.0
1984-05-30,0.0
1984-05-31,0.0
1984-06-01,0.0
1984-06-04,0.0
1984-06-05,0.0
1984-06-06,0.0
1984-06-07,0.0
1984-06-08,0.0
1984-06-11,0.0
1984-06-12,0.0
1984-06-13,0.0
1984-06-14,0.0
1984-06-15,0.0
1984-06-18,0.0
1984-06-19,0.0
1984-06-20,0.0
1984-06-21,0.0
1984-06-22,0.0
1984-06-25,0.0
1984-06-26,0.0
1984-06-27,0.0
1984-06-28,0.0
1984-06-29,0.0
1984-07-02,0.0
1984-07-03,0.0
1984-07-05,0.0
1984-07-06,0.0
1984-07-09,0.0
1984-07-10,0.0
1984-07-11,0.0
1984-07-12,0.0
1984-07-13,0.0
1984-07-16,0.0
1984-07-17,0.0
1984-07-18,0.0
1984-07-19,0.0
1984-07-20,0.0
1984-07-23,0.0
1984-07-24,0.0
1984-07-25,0.0
1984-07-26,0.0
1984-07-27,0.0
1984-07-30,0.0
1984-07-31,0.0
1984-08-01,0.0
1984-08-02,0.0
1984-08-03,0.0
1984-08-06,0.0
1984-08-07,0.0
1984-08-08,0.0
1984-08-09,0.0
1984-08-10,0.0
1984-08-13,0.0
1984-08-14,0.0
1984-08-15,0.0
1984-08-16,0.0
1984-08-17,0.0
1984-08-20,0.0
1984-08-21,0.0
1984-08-22,0.0
1984-08-23,0.0
1984-08-24,0.0
1984-08-27,0.0
1984-08-28,0.0
1984-08-29,0.0
1984-08-30,0.0
1984-08-31,0.0
1984-09-04,0.0
1984-09-05,0.0
1984-09-06,0.0
1984-09-07,0.0
1984-09-10,0.0
1984-09-11,0.0
1984-09-12,0.0
1984-09-13,0.0
1984-09-14,0.0
1984-09-17,0.0
1984-09-18,0.0
1984-09-19,0.0
1984-09-20,0.0
1984-09-21,0.0
1984-09-24,0.0
1984-09-25,0.0
1984-09-26,0.0
1984-09-27,0.0
1984-09-28,0.0
1984-10-01,0.0
1984-10-02,0.0
1984-10-03,0.0
1984-10-04,0.0
1984-10-05,0.0
1984-10-08,0.0
1984-10-09,0.0
1984-10-10,0.0
1984-10-11,0.0
1984-10-12,0.0
1984-10-15,0.0
1984-10-16,0.0
1984-10-17,0.0
1984-10-18,0.0
1984-10-19,0.0
1984-10-22,0.0
1984-10-23,0.0
1984-10-24,0.0
1984-10-25,0.0
1984-10-26,0.0
1984-10-29,0.0
1984-10-30,0.0
1984-10-31,0.0
1984-11-01,0.0
1984-11-02,0.0
1984-11-05,0.0
1984-11-06,0.0
1984-11-07,0.0
1984-11-08,0.0
1984-11-09,0.0
1984-11-12,0.0
1984-11-13,0.0
1984-11-14,0.0
1984-11-15,0.0
1984-11-16,0.0
1984-11-19,0.0
1984-11-20,0.0
1984-11-21,0.0
1984-11-23,0.0
1984-11-26,0.0
1984-11-27,0.0
1984-11-28,0.0
1984-11-29,0.0
1984-11-30,0.0
1984-12-03,0.0
1984-12-04,0.0
1984-12-05,0.0
1984-12-06,0.0
1984-12-07,0.0
1984-12-10,0.0
1984-12-11,0.0
1984-12-12,0.0
1984-12-13,0.0
1984-12-14,0.0
1984-12-17,0.0
1984-12-18,0.0
1984-12-19,0.0
1984-12-20,0.0
1984-12-21,0.0
1984-12-24,0.0
1984-12-26,0.0
1984-12-27,0.0
1984-12-28,0.0
1984-12-31,0.0
1985-01-02,0.0
1985-01-03,0.0
1985-01-04,0.0
1985-01-07,0.0
1985-01-08,0.0
1985-01-09,0.0
1985-01-10,0.0
1985-01-11,0.0
1985-01-14,0.0
1985-01-15,0.0
1985-01-16,0.0
1985-01-17,0.0
1985-01-18,0.0
1985-01-21,0.0
1985-01-22,0.0
1985-01-23,0.0
1985-01-24,0.0
1985-01-25,0.0
1985-01-28,0.0
1985-01-29,0.0
1985-01-30,0.0
1985-01-31,0.0
1985-02-01,0.0
1985-02-04,0.0
1985-02-05,0.0
1985-02-06,0.0
1985-02-07,0.0
1985-02-08,0.0
1985-02-11,0.0
1985-02-12,0.0
1985-02-13,0.0
1985-02-14,0.0
1985-02-15,0.0
1985-02-19,0.0
1985-02-20,0.0
1985-02-21,0.0
1985-02-22,0.0
1985-02-25,0.0
1985-02-26,0.0
1985-02-27,0.0
1985-02-28,0.0
1985-03-01,0.0
1985-03-04,0.0
1985-03-05,0.0
1985-03-06,0.0
1985-03-07,0.0
1985-03-08,0.0
1985-03-11,0.0
1985-03-12,0.0
1985-03-13,0.0
1985-03-14,0.0
1985-03-15,0.0
1985-03-18,0.0
1985-03-19,0.0
1985-03-20,0.0
1985-03-21,0.0
1985-03-22,0.0
1985-03-25,0.0
1985-03-26,0.0
1985-03-27,0.0
1985-03-28,0.0
1985-03-29,0.0
1985-04-01,0.0
1985-04-02,0.0
1985-04-03,0.0
1985-04-04,0.0
1985-04-08,0.0
1985-04-09,0.0
1985-04-10,0.0
1985-04-11,0.0
1985-04-12,0.0
1985-04-15,0.0
1985-04-16,0.0
1985-04-17,0.0
1985-04-18,0.0
1985-04-19,0.0
1985-04-22,0.0
1985-04-23,0.0
1985-04-24,0.0
1985-04-25,0.0
1985-04-26,0.0
1985-04-29,0.0
1985-04-30,0.0
1985-05-01,0.0
1985-05-02,0.0
1985-05-03,0.0
1985-05-06,0.0
1985-05-07,0.0
1985-05-08,0.0
1985-05-09,0.0
1985-05-10,0.0
1985-05-13,0.0
1985-05-14,0.0
1985-05-15,0.0
1985-05-16,0.0
1985-05-17,0.0
1985-05-20,0.0
1985-05-21,0.0
1985-05-22,0.0
1985-05-23,0.0
1985-05-24,0.0
1985-05-28,0.0
1985-05-29,0.0
1985-05-30,0.0
1985-05-31,0.0
1985-06-03,0.0
1985-06-04,0.0
1985-06-05,0.0
1985-06-06,0.0
1985-06-07,0.0
1985-06-10,0.0
1985-06-11,0.0
1985-06-12,0.0
1985-06-13,0.0
1985-06-14,0.0
1985-06-17,0.0
1985-06-18,0.0
1985-06-19,0.0
1985-06-20,0.0
1985-06-21,0.0
1985-06-24,0.0
1985-06-25,0.0
1985-06-26,0.0
1985-06-27,0.0
1985-06-28,0.0
1985-07-01,0.0
1985-07-02,0.0
1985-07-03,0.0
1985-07-05,0.0
1985-07-08,0.0
1985-07-09,0.0
1985-07-10,0.0
1985-07-11,0.0
1985-07-12,0.0
1985-07-15,0.0
1985-07-16,0.0
1985-07-17,0.0
1985-07-18,0.0
1985-07-19,0.0
1985-07-22,0.0
1985-07-23,0.0
1985-07-24,0.0
1985-07-25,0.0
1985-07-26,0.0
1985-07-29,0.0
1985-07-30,0.0
1985-07-31,0.0
1985-08-01,0.0
1985-08-02,0.0
1985-08-05,0.0
1985-08-06,0.0
1985-08-07,0.0
1985-08-08,0.0
1985-08-09,0.0
1985-08-12,0.0
1985-08-13,0.0
1985-08-14,0.0
1985-08-15,0.0
1985-08-16,0.0
1985-08-19,0.0
1985-08-20,0.0
1985-08-21,0.0
1985-08-22,0.0
1985-08-23,0.0
1985-08-26,0.0
1985-08-27,0.0
1985-08-28,0.0
1985-08-29,0.0
1985-08-30,0.0
1985-09-03,0.0
1985-09-04,0.0
1985-09-05,0.0
1985-09-06,0.0
1985-09-09,0.0
1985-09-10,0.0
1985-09-11,0.0
1985-09-12,0.0
1985-09-13,0.0
1985-09-16,0.0
1985-09-17,0.0
1985-09-18,0.0
1985-09-19,0.0
1985-09-20,0.0
1985-09-23,0.0
1985-09-24,0.0
1985-09-25,0.0
1985-09-26,0.0
1985-09-30,0.0
1985-10-01,0.0
1985-10-02,0.0
1985-10-03,0.0
1985-10-04,0.0
1985-10-07,0.0
1985-10-08,0.0
1985-10-09,0.0
1985-10-10,0.0
1985-10-11,0.0
1985-10-14,0.0
1985-10-15,0.0
1985-10-16,0.0
1985-10-17,0.0
1985-10-18,0.0
1985-10-21,0.0
1985-10-22,0.0
1985-10-23,0.0
1985-10-24,0.0
1985-10-25,0.0
1985-10-28,0.0
1985-10-29,0.0
1985-10-30,0.0
1985-10-31,0.0
1985-11-01,0.0
1985-11-04,0.0
1985-11-05,0.0
1985-11-06,0.0
1985-11-07,0.0
1985-11-08,0.0
1985-11-11,0.0
1985-11-12,0.0
1985-11-13,0.0
1985-11-14,0.0
1985-11-15,0.0
1985-11-18,0.0
1985-11-19,0.0
1985-11-20,0.0
1985-11-21,0.0
1985-11-22,0.0
1985-11-25,0.0
1985-11-26,0.0
1985-11-27,0.0
1985-11-29,0.0
1985-12-02,0.0
1985-12-03,0.0
1985-12-04,0.0
1985-12-05,0.0
1985-12-06,0.0
1985-12-09,0.0
1985-12-10,0.0
1985-12-11,0.0
1985-12-12,0.0
1985-12-13,0.0
1985-12-16,0.0
1985-12-17,0.0
1985-12-18,0.0
1985-12-19,0.0
1985-12-20,0.0
1985-12-23,0.0
1985-12-24,0.0
1985-12-26,0.0
1985-12-27,0.0
1985-12-30,0.0
1985-12-31,0.0
1986-01-02,0.0
1986-01-03,0.0
1986-01-06,0.0
1986-01-07,0.0
1986-01-08,0.0
1986-01-09,0.0
1986-01-10,0.0
1986-01-13,0.0
1986-01-14,0.0
1986-01-15,0.0
1986-01-16,0.0
1986-01-17,0.0
1986-01-20,0.0
1986-01-21,0.0
1986-01-22,0.0
1986-01-23,0.0
1986-01-24,0.0
1986-01-27,0.0
1986-01-28,0.0
1986-01-29,0.0
1986-01-30,0.0
1986-01-31,0.0
1986-02-03,0.0
1986-02-04,0.0
1986-02-05,0.0
1986-02-06,0.0
1986-02-07,0.0
1986-02-10,0.0
1986-02-11,0.0
1986-02-12,0.0
1986-02-13,0.0
1986-02-14,0.0
1986-02-18,0.0
1986-02-19,0.0
1986-02-20,0.0
1986-02-21,0.0
1986-02-24,0.0
1986-02-25,0.0
1986-02-26,0.0
1986-02-27,0.0
1986-02-28,0.0
1986-03-03,0.0
1986-03-04,0.0
1986-03-05,0.0
1986-03-06,0.0
1986-03-07,0.0
1986-03-10,0.0
1986-03-11,0.0
1986-03-12,0.0
1986-03-13,0.0
1986-03-14,0.0
1986-03-17,0.0
1986-03-18,0.0
1986-03-19,0.0
1986-03-20,0.0
1986-03-21,0.0
1986-03-24,0.0
1986-03-25,0.0
1986-03-26,0.0
1986-03-27,0.0
1986-03-31,0.0
1986-04-01,0.0
1986-04-02,0.0
1986-04-03,0.0
1986-04-04,0.0
1986-04-07,0.0
1986-04-08,0.0
1986-04-09,0.0
1986-04-10,0.0
1986-04-11,0.0
1986-04-14,0.0
1986-04-15,0.0
1986-04-16,0.0
1986-04-17,0.0
1986-04-18,0.0
1986-04-21,0.0
1986-04-22,0.0
1986-04-23,0.0
1986-04-24,0.0
1986-04-25,0.0
1986-04-28,0.0
1986-04-29,0.0
1986-04-30,0.0
1986-05-01,0.0
1986-05-02,0.0
1986-05-05,0.0
1986-05-06,0.0
1986-05-07,0.0
1986-05-08,0.0
1986-05-09,0.0
1986-05-12,0.0
1986-05-13,0.0
1986-05-14,0.0
1986-05-15,0.0
1986-05-16,0.0
1986-05-19,0.0
1986-05-20,0.0
1986-05-21,0.0
1986-05-22,0.0
1986-05-23,0.0
1986-05-27,0.0
1986-05-28,0.0
1986-05-29,0.0
1986-05-30,0.0
1986-06-02,0.0
1986-06-03,0.0
1986-06-04,0.0
1986-06-05,0.0
1986-06-06,0.0
1986-06-09,0.0
1986-06-10,0.0
1986-06-11,0.0
1986-06-12,0.0
1986-06-13,0.0
1986-06-16,0.0
1986-06-17,0.0
1986-06-18,0.0
1986-06-19,0.0
1986-06-20,0.0
1986-06-23,0.0
1986-06-24,0.0
1986-06-25,0.0
1986-06-26,0.0
1986-06-27,0.0
1986-06-30,0.0
1986-07-01,0.0
1986-07-02,0.0
1986-07-03,0.0
1986-07-07,0.0
1986-07-08,0.0
1986-07-09,0.0
1986-07-10,0.0
1986-07-11,0.0
1986-07-14,0.0
1986-07-15,0.0
1986-07-16,0.0
1986-07-17,0.0
1986-07-18,0.0
1986-07-21,0.0
1986-07-22,0.0
1986-07-23,0.0
1986-07-24,0.0
1986-07-25,0.0
1986-07-28,0.0
1986-07-29,0.0
1986-07-30,0.0
1986-07-31,0.0
1986-08-01,0.0
1986-08-04,0.0
1986-08-05,0.0
1986-08-06,0.0
1986-08-07,0.0
1986-08-08,0.0
1986-08-11,0.0
1986-08-12,0.0
1986-08-13,0.0
1986-08-14,0.0
1986-08-15,0.0
1986-08-18,0.0
1986-08-19,0.0
1986-08-20,0.0
1986-08-21,0.0
1986-08-22,0.0
1986-08-25,0.0
1986-08-26,0.0
1986-08-27,0.0
1986-08-28,0.0
1986-08-29,0.0
1986-09-02,0.0
1986-09-03,0.0
1986-09-04,0.0
1986-09-05,0.0
1986-09-08,0.0
1986-09-09,0.0
1986-09-10,0.0
1986-09-11,0.0
1986-09-12,0.0
1986-09-15,0.0
1986-09-16,0.0
1986-09-17,0.0
1986-09-18,0.0
1986-09-19,0.0
1986-09-22,0.0
1986-09-23,0.0
1986-09-24,0.0
1986-09-25,0.0
1986-09-26,0.0
1986-09-29,0.0
1986-09-30,0.0
1986-10-01,0.0
1986-10-02,0.0
1986-10-03,0.0
1986-10-06,0.0
1986-10-07,0.0
1986-10-08,0.0
1986-10-09,0.0
1986-10-10,0.0
1986-10-13,0.0
1986-10-14,0.0
1986-10-15,0.0
1986-10-16,0.0
1986-10-17,0.0
1986-10-20,0.0
1986-10-21,0.0
1986-10-22,0.0
1986-10-23,0.0
1986-10-24,0.0
1986-10-27,0.0
1986-10-28,0.0
1986-10-29,0.0
1986-10-30,0.0
1986-10-31,0.0
1986-11-03,0.0
1986-11-04,0.0
1986-11-05,0.0
1986-11-06,0.0
1986-11-07,0.0
1986-11-10,0.0
1986-11-11,0.0
1986-11-12,0.0
1986-11-13,0.0
1986-11-14,0.0
1986-11-17,0.0
1986-11-18,0.0
1986-11-19,0.0
1986-11-20,0.0
1986-11-21,0.0
1986-11-24,0.0
1986-11-25,0.0
1986-11-26,0.0
1986-11-28,0.0
1986-12-01,0.0
1986-12-02,0.0
1986-12-03,0.0
1986-12-04,0.0
1986-12-05,0.0
1986-12-08,0.0
1986-12-09,0.0
1986-12-10,0.0
1986-12-11,0.0
1986-12-12,0.0
1986-12-15,0.0
1986-12-16,0.0
1986-12-17,0.0
1986-12-18,0.0
1986-12-19,0.0
1986-12-22,0.0
1986-12-23,0.0
1986-12-24,0.0
1986-12-26,0.0
1986-12-29,0.0
1986-12-30,0.0
1986-12-31,0.0
1987-01-02,0.0
1987-01-05,0.0
1987-01-06,0.0
1987-01-07,0.0
1987-01-08,0.0
1987-01-09,0.0
1987-01-12,0.0
1987-01-13,0.0
1987-01-14,0.0
1987-01-15,0.0
1987-01-16,0.0
1987-01-19,0.0
1987-01-20,0.0
1987-01-21,0.0
1987-01-22,0.0
1987-01-23,0.0
1987-01-26,0.0
1987-01-27,0.0
1987-01-28,0.0
1987-01-29,0.0
1987-01-30,0.0
1987-02-02,0.0
1987-02-03,0.0
1987-02-04,0.0
1987-02-05,0.0
1987-02-06,0.0
1987-02-09,0.0
1987-02-10,0.0
1987-02-11,0.0
1987-02-12,0.0
1987-02-13,0.0
1987-02-17,0.0
1987-02-18,0.0
1987-02-19,0.0
1987-02-20,0.0
1987-02-23,0.0
1987-02-24,0.0
1987-02-25,0.0
1987-02-26,0.0
1987-02-27,0.0
1987-03-02,0.0
1987-03-03,0.0
1987-03-04,0.0
1987-03-05,0.0
1987-03-06,0.0
1987-03-09,0.0
1987-03-10,0.0
1987-03-11,0.0
1987-03-12,0.0
1987-03-13,0.0
1987-03-16,0.0
1987-03-17,0.0
1987-03-18,0.0
1987-03-19,0.0
1987-03-20,0.0
1987-03-23,0.0
1987-03-24,0.0
1987-03-25,0.0
1987-03-26,0.0
1987-03-27,0.0
1987-03-30,0.0
1987-03-31,0.0
1987-04-01,0.0
1987-04-02,0.0
1987-04-03,0.0
1987-04-06,0.0
1987-04-07,0.0
1987-04-08,0.0
1987-04-09,0.0
1987-04-10,0.0
1987-04-13,0.0
1987-04-14,0.0
1987-04-15,0.0
1987-04-16,0.0
1987-04-20,0.0
1987-04-21,0.0
1987-04-22,0.0
1987-04-23,0.0
1987-04-24,0.0
1987-04-27,0.0
1987-04-28,0.0
1987-04-29,0.0
1987-04-30,0.0
1987-05-01,0.0
1987-05-04,0.0
1987-05-05,0.0
1987-05-06,0.0
1987-05-07,0.0
1987-05-08,0.0
1987-05-11,0.0
1987-05-12,0.0
1987-05-13,0.0
1987-05-14,0.0
1987-05-15,0.0
1987-05-18,0.0
1987-05-19,0.0
1987-05-20,0.0
1987-05-21,0.0
1987-05-22,0.0
1987-05-26,0.0
1987-05-27,0.0
1987-05-28,0.0
1987-05-29,0.0
1987-06-01,0.0
1987-06-02,0.0
1987-06-03,0.0
1987-06-04,0.0
1987-06-05,0.0
1987-06-08,0.0
1987-06-09,0.0
1987-06-10,0.0
1987-06-11,0.0
1987-06-12,0.0
1987-06-15,0.0
1987-06-16,0.0
1987-06-17,0.0
1987-06-18,0.0
1987-06-19,0.0
1987-06-22,0.0
1987-06-23,0.0
1987-06-24,0.0
1987-06-25,0.0
1987-06-26,0.0
1987-06-29,0.0
1987-06-30,0.0
1987-07-01,0.0
1987-07-02,0.0
1987-07-06,0.0
1987-07-07,0.0
1987-07-08,0.0
1987-07-09,0.0
1987-07-10,0.0
1987-07-13,0.0
1987-07-14,0.0
1987-07-15,0.0
1987-07-16,0.0
1987-07-17,0.0
1987-07-20,0.0
1987-07-21,0.0
1987-07-22,0.0
1987-07-23,0.0
1987-07-24,0.0
1987-07-27,0.0
1987-07-28,0.0
1987-07-29,0.0
1987-07-30,0.0
1987-07-31,0.0
1987-08-03,0.0
1987-08-04,0.0
1987-08-05,0.0
1987-08-06,0.0
1987-08-07,0.0
1987-08-10,0.0
1987-08-11,0.0
1987-08-12,0.0
1987-08-13,0.0
1987-08-14,0.0
1987-08-17,0.0
1987-08-18,0.0
1987-08-19,0.0
1987-08-20,0.0
1987-08-21,0.0
1987-08-24,0.0
1987-08-25,0.0
1987-08-26,0.0
1987-08-27,0.0
1987-08-28,0.0
1987-08-31,0.0
1987-09-01,0.0
1987-09-02,0.0
1987-09-03,0.0
1987-09-04,0.0
1987-09-08,0.0
1987-09-09,0.0
1987-09-10,0.0
1987-09-11,0.0
1987-09-14,0.0
1987-09-15,0.0
1987-09-16,0.0
1987-09-17,0.0
1987-09-18,0.0
1987-09-21,0.0
1987-09-22,0.0
1987-09-23,0.0
1987-09-24,0.0
1987-09-25,0.0
1987-09-28,0.0
1987-09-29,0.0
1987-09-30,0.0
1987-10-01,0.0
1987-10-02,0.0
1987-10-05,0.0
1987-10-06,0.0
1987-10-07,0.0
1987-10-08,0.0
1987-10-09,0.0
1987-10-12,0.0
1987-10-13,0.0
1987-10-14,0.0
1987-10-15,0.0
1987-10-16,0.0
1987-10-19,0.0
1987-10-20,0.0
1987-10-21,0.0
1987-10-22,0.0
1987-10-23,0.0
1987-10-26,0.0
1987-10-27,0.0
1987-10-28,0.0
1987-10-29,0.0
1987-10-30,0.0
1987-11-02,0.0
1987-11-03,0.0
1987-11-04,0.0
1987-11-05,0.0
1987-11-06,0.0
1987-11-09,0.0
1987-11-10,0.0
1987-11-11,0.0
1987-11-12,0.0
1987-11-13,0.0
1987-11-16,0.0
1987-11-17,0.0
1987-11-18,0.0
1987-11-19,0.0
1987-11-20,0.0
1987-11-23,0.0
1987-11-24,0.0
1987-11-25,0.0
1987-11-27,0.0
1987-11-30,0.0
1987-12-01,0.0
1987-12-02,0.0
1987-12-03,0.0
1987-12-04,0.0
1987-12-07,0.0
1987-12-08,0.0
1987-12-09,0.0
1987-12-10,0.0
1987-12-11,0.0
1987-12-14,0.0
1987-12-15,0.0
1987-12-16,0.0
1987-12-17,0.0
1987-12-18,0.0
1987-12-21,0.0
1987-12-22,0.0
1987-12-23,0.0
1987-12-24,0.0
1987-12-28,0.0
1987-12-29,0.0
1987-12-30,0.0
1987-12-31,0.0
1988-01-04,0.0
1988-01-05,0.0
1988-01-06,0.0
1988-01-07,0.0
1988-01-08,0.0
1988-01-11,0.0
1988-01-12,0.0
1988-01-13,0.0
1988-01-14,0.0
1988-01-15,0.0
1988-01-18,0.0
1988-01-19,0.0
1988-01-20,0.0
1988-01-21,0.0
1988-01-22,0.0
1988-01-25,0.0
1988-01-26,0.0
1988-01-27,0.0
1988-01-28,0.0
1988-01-29,0.0
1988-02-01,0.0
1988-02-02,0.0
1988-02-03,0.0
1988-02-04,0.0
1988-02-05,0.0
1988-02-08,0.0
1988-02-09,0.0
1988-02-10,0.0
1988-02-11,0.0
1988-02-12,0.0
1988-02-16,0.0
1988-02-17,0.0
1988-02-18,0.0
1988-02-19,0.0
1988-02-22,0.0
1988-02-23,0.0
1988-02-24,0.0
1988-02-25,0.0
1988-02-26,0.0
1988-02-29,0.0
1988-03-01,0.0
1988-03-02,0.0
1988-03-03,0.0
1988-03-04,0.0
1988-03-07,0.0
1988-03-08,0.0
1988-03-09,0.0
1988-03-10,0.0
1988-03-11,0.0
1988-03-14,0.0
1988-03-15,0.0
1988-03-16,0.0
1988-03-17,0.0
1988-03-18,0.0
1988-03-21,0.0
1988-03-22,0.0
1988-03-23,0.0
1988-03-24,0.0
1988-03-25,0.0
1988-03-28,0.0
1988-03-29,0.0
1988-03-30,0.0
1988-03-31,0.0
1988-04-04,0.0
1988-04-05,0.0
1988-04-06,0.0
1988-04-07,0.0
1988-04-08,0.0
1988-04-11,0.0
1988-04-12,0.0
1988-04-13,0.0
1988-04-14,0.0
1988-04-15,0.0
1988-04-18,0.0
1988-04-19,0.0
1988-04-20,0.0
1988-04-21,0.0
1988-04-22,0.0
1988-04-25,0.0
1988-04-26,0.0
1988-04-27,0.0
1988-04-28,0.0
1988-04-29,0.0
1988-05-02,0.0
1988-05-03,0.0
1988-05-04,0.0
1988-05-05,0.0
1988-05-06,0.0
1988-05-09,0.0
1988-05-10,0.0
1988-05-11,0.0
1988-05-12,0.0
1988-05-13,0.0
1988-05-16,0.0
1988-05-17,0.0
1988-05-18,0.0
1988-05-19,0.0
1988-05-20,0.0
1988-05-23,0.0
1988-05-24,0.0
1988-05-25,0.0
1988-05-26,0.0
1988-05-27,0.0
1988-05-31,0.0
1988-06-01,0.0
1988-06-02,0.0
1988-06-03,0.0
1988-06-06,0.0
1988-06-07,0.0
1988-06-08,0.0
1988-06-09,0.0
1988-06-10,0.0
1988-06-13,0.0
1988-06-14,0.0
1988-06-15,0.0
1988-06-16,0.0
1988-06-17,0.0
1988-06-20,0.0
1988-06-21,0.0
1988-06-22,0.0
1988-06-23,0.0
1988-06-24,0.0
1988-06-27,0.0
1988-06-28,0.0
1988-06-29,0.0
1988-06-30,0.0
1988-07-01,0.0
1988-07-05,0.0
1988-07-06,0.0
1988-07-07,0.0
1988-07-08,0.0
1988-07-11,0.0
1988-07-12,0.0
1988-07-13,0.0
1988-07-14,0.0
1988-07-15,0.0
1988-07-18,0.0
1988-07-19,0.0
1988-07-20,0.0
1988-07-21,0.0
1988-07-22,0.0
1988-07-25,0.0
1988-07-26,0.0
1988-07-27,0.0
1988-07-28,0.0
1988-07-29,0.0
1988-08-01,0.0
1988-08-02,0.0
1988-08-03,0.0
1988-08-04,0.0
1988-08-05,0.0
1988-08-08,0.0
1988-08-09,0.0
1988-08-10,0.0
1988-08-11,0.0
1988-08-12,0.0
1988-08-15,0.0
1988-08-16,0.0
1988-08-17,0.0
1988-08-18,0.0
1988-08-19,0.0
1988-08-22,0.0
1988-08-23,0.0
1988-08-24,0.0
1988-08-25,0.0
1988-08-26,0.0
1988-08-29,0.0
1988-08-30,0.0
1988-08-31,0.0
1988-09-01,0.0
1988-09-02,0.0
1988-09-06,0.0
1988-09-07,6.133143424987794
1988-09-08,6.150615452357701
1988-09-09,6.133143424987794
1988-09-12,6.16809011117006
1988-09-13,6.09819675110259
1988-09-14,6.0632485109706264
1988-09-15,6.010828495025636
1988-09-16,5.940936662965274
1988-09-19,6.045776844024658
1988-09-20,6.045775177835049
1988-09-21,6.080719325853431
1988-09-22,5.975880508867714
1988-09-23,6.010828495025636
1988-09-26,5.993353843688965
1988-09-27,6.028299331665038
1988-09-28,6.010828495025636
1988-09-29,6.045776721723485
1988-09-30,6.098196874464178
1988-10-03,6.115668532492101
1988-10-04,6.115665988645691
1988-10-05,6.045772663061169
1988-10-06,6.010827772798593
1988-10-07,5.993354108750308
1988-10-10,6.1156674579084775
1988-10-11,6.098195193827838
1988-10-12,6.080723407976222
1988-10-13,6.063248755591256
1988-10-14,6.115668526915617
1988-10-17,6.010827178510215
1988-10-18,6.0108285005065225
1988-10-19,6.115668526915617
1988-10-20,6.010828495025636
1988-10-21,5.975880508867714
1988-10-24,5.940930304073152
1988-10-25,5.871038763372747
1988-10-26,5.853563681954429
1988-10-27,5.853565433719852
1988-10-28,5.85356723762558
1988-10-31,5.85356723762558
1988-11-01,5.85356773004024
1988-11-02,5.905987739562988
1988-11-03,5.923459273771292
1988-11-04,5.923461076070571
1988-11-07,5.905988446201187
1988-11-08,5.801143708683195
1988-11-09,5.836093902587891
1988-11-10,5.836093902587891
1988-11-11,5.836095330209442
1988-11-14,5.766203542856069
1988-11-15,5.67883350928866
1988-11-16,5.731253852142147
1988-11-17,5.731253852142147
1988-11-18,5.696307411900272
1988-11-21,5.678835155767038
1988-11-22,5.71378051722708
1988-11-23,5.661359274387359
1988-11-25,5.591472060146392
1988-11-28,5.623220443725586
1988-11-29,5.623218674292931
1988-11-30,5.782367653963043
1988-12-01,5.782368022745306
1988-12-02,5.835417432522555
1988-12-05,5.747001490941861
1988-12-06,5.782368022745306
1988-12-07,5.835416741961799
1988-12-08,5.817733660925551
1988-12-09,5.853099719898121
1988-12-12,5.90614960121386
1988-12-13,5.853100353298765
1988-12-14,5.853098488143875
1988-12-15,5.800051266264842
1988-12-16,5.800048921737202
1988-12-19,5.729318409431271
1988-12-20,5.764685108976544
1988-12-21,5.6585853978207235
1988-12-22,5.729314005374909
1988-12-23,5.711630937457085
1988-12-27,5.658581733703613
1988-12-28,5.6585840260760385
1988-12-29,5.6585840260760385
1988-12-30,5.693952776351065
1989-01-03,5.658589259834047
1989-01-04,5.587857658554703
1989-01-05,5.605536033835592
1989-01-06,5.623219163077218
1989-01-09,5.640902996063232
1989-01-10,5.640903526881956
1989-01-11,5.587853751586149
1989-01-12,5.64089866578579
1989-01-13,5.658581733703613
1989-01-16,5.658586923949816
1989-01-17,5.676267101157527
1989-01-18,5.711634062253512
1989-01-19,5.782366902739914
1989-01-20,5.711634635925293
1989-01-23,5.729317715293482
1989-01-24,5.711634585886826
1989-01-25,5.747002016878274
1989-01-26,5.764683874029862
1989-01-27,5.729318774830212
1989-01-30,5.853099719898121
1989-01-31,5.906145409014098
1989-02-01,5.994562579603756
1989-02-02,6.012248936985944
1989-02-03,6.012245701477591
1989-02-06,6.029928730515873
1989-02-07,6.012246272062362
1989-02-08,6.1713939674993075
1989-02-09,6.136030532747419
1989-02-10,6.012247289930071
1989-02-13,5.959198580215227
1989-02-14,5.941515498374825
1989-02-15,5.941513399107267
1989-02-16,6.029928730515873
1989-02-17,6.012248246566109
1989-02-21,6.082980578878652
1989-02-22,6.0829796109880725
1989-02-23,5.941516140857375
1989-02-24,5.8884661430265846
1989-02-27,5.831532545823317
1989-02-28,5.849421501159668
1989-03-01,5.903084948658943
1989-03-02,5.724203725961539
1989-03-03,5.849421362021774
1989-03-06,5.867309025355747
1989-03-07,6.010414399296404
1989-03-08,5.9746381231101156
1989-03-09,5.974638053962776
1989-03-10,5.974638053962776
1989-03-13,5.992525166380191
1989-03-14,5.99252626120326
1989-03-15,5.92097391690889
1989-03-16,5.903084427563113
1989-03-17,5.90308516407301
1989-03-20,5.920970739762476
1989-03-21,5.8851996224101
1989-03-22,5.885199947068186
1989-03-23,5.903087767159067
1989-03-27,5.867307921986521
1989-03-28,5.8136444091796875
1989-03-29,5.831533518977135
1989-03-30,5.6884276526314865
1989-03-31,5.795758898665266
1989-04-03,5.903088092803955
1989-04-04,5.938861437794665
1989-04-05,5.938860761905145
1989-04-06,5.99252626120326
1989-04-07,5.938861846923828
1989-04-10,5.938860761905145
1989-04-11,5.956746346165235
1989-04-12,6.010416532817639
1989-04-13,6.117742947169712
1989-04-14,6.064077592799685
1989-04-17,6.135630130767823
1989-04-18,6.1356312864452
1989-04-19,6.225071633380392
1989-04-20,6.207185302061193
1989-04-21,6.099855010722488
1989-04-24,6.171405130419237
1989-04-25,6.242960113613338
1989-04-26,6.242959022521973
1989-04-27,6.314514786429554
1989-04-28,6.278738498687744
1989-05-01,6.260852331525824
1989-05-02,6.332399845123292
1989-05-03,6.368177005606638
1989-05-04,6.332399845123292
1989-05-05,6.368181228637695
1989-05-08,6.350287980279007
1989-05-09,6.314511561462052
1989-05-10,6.225071975751982
1989-05-11,6.207182215281896
1989-05-12,6.296625730370273
1989-05-15,6.403954362869263
1989-05-16,6.421841147167434
1989-05-17,6.564942359924316
1989-05-18,6.56494896049085
1989-05-19,6.600725249103879
1989-05-22,6.600725249103879
1989-05-23,6.547058105468749
1989-05-24,6.511283801353141
1989-05-25,6.511283801353141
1989-05-26,6.551611879311975
1989-05-30,6.569710192133169
1989-05-31,6.660198642361548
1989-06-01,6.768795431928432
1989-06-02,6.841188965959752
1989-06-05,6.841188965959752
1989-06-06,6.841184981167316
1989-06-07,6.931676845997572
1989-06-08,6.931676845997572
1989-06-09,6.931677755296539
1989-06-12,6.985972881317139
1989-06-13,6.967875071220997
1989-06-14,6.877385481544163
1989-06-15,6.569711837447992
1989-06-16,6.4430174365268185
1989-06-19,6.569710192133169
1989-06-20,6.696398818427747
1989-06-21,6.6421061387428875
1989-06-22,6.587810490229359
1989-06-23,6.624005317687988
1989-06-26,6.551616392778547
1989-06-27,6.479219938860554
1989-06-28,6.479220525401172
1989-06-29,6.406822711229324
1989-06-30,6.388724402449597
1989-07-03,6.298232555389404
1989-07-05,6.298232555389404
1989-07-06,6.2982324957847595
1989-07-07,6.370627365543344
1989-07-10,6.443022632598877
1989-07-11,6.5516143681943255
1989-07-12,6.479219388961792
1989-07-13,6.515416698295529
1989-07-14,6.443024074798839
1989-07-17,6.49731776714325
1989-07-18,6.5335092544555655
1989-07-19,6.5335092544555655
1989-07-20,6.515415066578349
1989-07-21,6.6059088706970215
1989-07-24,6.569712750426906
1989-07-25,6.497317246969234
1989-07-26,6.551611879311975
1989-07-27,6.569712973159293
1989-07-28,6.69640014113763
1989-07-31,6.750694231669108
1989-08-01,6.80498935953776
1989-08-02,6.7868924395923305
1989-08-03,6.768788837617444
1989-08-04,6.714498066257786
1989-08-07,6.732599106644446
1989-08-08,6.804989295031028
1989-08-09,6.841189537866506
1989-08-10,6.786890983581543
1989-08-11,6.804989977580745
1989-08-14,6.69640014113763
1989-08-15,6.714498920236679
1989-08-16,6.768792051753142
1989-08-17,6.859287922887317
1989-08-18,6.750693677283214
1989-08-21,6.87738286336263
1989-08-22,6.804985569369408
1989-08-23,6.732598664912771
1989-08-24,6.841186046600342
1989-08-25,6.841187579109069
1989-08-28,6.786894260730288
1989-08-29,6.7868924395923305
1989-08-30,6.750695679914505
1989-08-31,6.804992645425569
1989-09-01,6.864089232224685
1989-09-05,6.900702378851302
1989-09-06,6.882392202841269
1989-09-07,6.827480063120524
1989-09-08,6.864088535308839
1989-09-11,6.882393470177284
1989-09-12,6.919001690001475
1989-09-13,6.937301376230276
1989-09-14,6.827476024627686
1989-09-15,6.937310041557432
1989-09-18,7.028832525956004
1989-09-19,6.900700274202013
1989-09-20,7.0654372103802565
1989-09-21,7.047132862110932
1989-09-22,7.047129399471433
1989-09-25,6.992224023216649
1989-09-26,6.955610421987681
1989-09-27,6.919003328939123
1989-09-28,6.955611812161023
1989-09-29,7.010527034080465
1989-10-02,6.9922186391020205
1989-10-03,6.955608238439336
1989-10-04,7.010524536993873
1989-10-05,6.955615520477295
1989-10-06,6.95560861516882
1989-10-09,6.937306184035082
1989-10-10,6.919001690001475
1989-10-11,6.919000148773194
1989-10-12,6.9006959155753815
1989-10-13,6.900699083523083
1989-10-16,6.69935467301032
1989-10-17,6.772568637377596
1989-10-18,6.681047747726228
1989-10-19,6.607830613598269
1989-10-20,6.479700417077842
1989-10-23,6.516306433566781
1989-10-24,6.351571064525181
1989-10-25,6.552922148596156
1989-10-26,6.406481628090058
1989-10-27,6.424787521362306
1989-10-30,6.406484982546638
1989-10-31,6.260048340388707
1989-11-01,6.369879630478946
1989-11-02,6.479705141349272
1989-11-03,6.424785629129547
1989-11-06,6.351571499952796
1989-11-07,6.223442554473877
1989-11-08,6.2234418155157085
1989-11-09,6.260049379788913
1989-11-10,6.186833963984937
1989-11-13,6.223443679356787
1989-11-14,6.168532751855396
1989-11-15,6.150225583244772
1989-11-16,6.241746797281153
1989-11-17,6.223440903883715
1989-11-20,6.205136478665364
1989-11-21,6.095311054264207
1989-11-22,6.040400295722775
1989-11-24,6.022095680236816
1989-11-27,6.040398120880128
1989-11-28,6.077006816864015
1989-11-29,6.113615067799887
1989-11-30,6.0587045390431475
1989-12-01,5.985487565761659
1989-12-04,5.9711534939822375
1989-12-05,6.008240879534152
1989-12-06,5.804257392883301
1989-12-07,5.841343356865395
1989-12-08,5.8042569296700615
1989-12-11,5.896975803670499
1989-12-12,6.008238815822484
1989-12-13,6.063874016264955
1989-12-14,6.175138235092163
1989-12-15,6.082418202624773
1989-12-18,6.026785103779918
1989-12-19,5.915519961714744
1989-12-20,5.952610033261378
1989-12-21,6.138047926353686
1989-12-22,6.1195056416705755
1989-12-26,6.0824177286907535
1989-12-27,6.119507067912334
1989-12-28,6.212226871971612
1989-12-29,6.1936829111597556
1990-01-02,6.156591466192664
1990-01-03,6.249310354276889
1990-01-04,6.379124576395208
1990-01-05,6.527470323622739
1990-01-08,6.453301906585693
1990-01-09,6.471843261995177
1990-01-10,6.360574040109712
1990-01-11,6.453295921792789
1990-01-12,6.286401503100366
1990-01-15,6.175135829231956
1990-01-16,6.082417973501239
1990-01-17,6.156594034364099
1990-01-18,6.04533052444458
1990-01-19,5.989696475779375
1990-01-22,5.915521351190714
1990-01-23,5.804258337298643
1990-01-24,5.600272816419601
1990-01-25,5.9340650662065695
1990-01-26,5.822801346215196
1990-01-29,5.87843293338627
1990-01-30,5.711540216015232
1990-01-31,5.748625532887615
1990-02-01,5.841345534874843
1990-02-02,5.767168310797138
1990-02-05,5.78571297781808
1990-02-06,5.822801346215196
1990-02-07,5.785712313652038
1990-02-08,5.915520668029786
1990-02-09,5.952609539031982
1990-02-12,5.934066289587866
1990-02-13,5.859890937805176
1990-02-14,5.934064876959191
1990-02-15,5.915520668029786
1990-02-16,5.915520668029786
1990-02-20,5.8969767160923885
1990-02-21,5.878432062268256
1990-02-22,5.915519961714744
1990-02-23,5.915521378787059
1990-02-26,5.8826927339068105
1990-02-27,6.089433234930039
1990-02-28,5.995458126068115
1990-03-01,6.05184414088726
1990-03-02,6.033049593865871
1990-03-05,5.97666694087561
1990-03-06,5.957870915809774
1990-03-07,6.014253126209366
1990-03-08,6.108227244184061
1990-03-09,6.108229175026033
1990-03-12,6.051842217133425
1990-03-13,6.03304766722877
1990-03-14,6.108229175026033
1990-03-15,6.051843643188477
1990-03-16,6.108227279615698
1990-03-19,6.033049542353703
1990-03-20,6.033049097712736
1990-03-21,6.033049097712736
1990-03-22,6.033047205228417
1990-03-23,5.976663586487965
1990-03-26,6.033047205228417
1990-03-27,5.99545859399243
1990-03-28,6.033049097712736
1990-03-29,6.051843643188477
1990-03-30,6.03305059126123
1990-04-02,5.957871426576339
1990-04-03,5.976664052945432
1990-04-04,6.014253135039428
1990-04-05,6.0142577520691525
1990-04-06,5.65715973517474
1990-04-09,5.0369404031218385
1990-04-10,5.224882112327197
1990-04-11,5.281268529958658
1990-04-12,5.337652638398812
1990-04-16,5.394036323145816
1990-04-17,5.318856230923827
1990-04-18,5.356447219848633
1990-04-19,5.337650361494585
1990-04-20,5.168500987451468
1990-04-23,5.018144595089244
1990-04-24,5.074528242225078
1990-04-25,5.074528242225078
1990-04-26,5.036937678689922
1990-04-27,5.130913677422897
1990-04-30,5.1872954009681616
1990-05-01,5.243676652299597
1990-05-02,5.300064436704643
1990-05-03,5.450417955042952
1990-05-04,5.544390157358536
1990-05-07,5.657159749015433
1990-05-08,5.732337951660156
1990-05-09,5.713541580458819
1990-05-10,5.506800676385561
1990-05-11,5.412831765145167
1990-05-14,5.431626319885254
1990-05-15,5.450419978091591
1990-05-16,5.318858116551449
1990-05-17,5.356447219848633
1990-05-18,5.356444343924522
1990-05-21,5.394036190850394
1990-05-22,5.600776624837983
1990-05-23,5.657159749015433
1990-05-24,5.6947503089904785
1990-05-25,5.604015722507384
1990-05-29,5.451527955210333
1990-05-30,5.546833736018131
1990-05-31,5.432466226564327
1990-06-01,5.43246603012085
1990-06-04,5.4134029492939995
1990-06-05,5.527769613265991
1990-06-06,5.7183865732794645
1990-06-07,5.680262390448123
1990-06-08,5.623075452344171
1990-06-11,5.508710487739189
1990-06-12,5.4515273144370635
1990-06-13,5.394340268016732
1990-06-14,5.184669236491498
1990-06-15,5.070299231960746
1990-06-18,4.994052842433351
1990-06-19,4.879686478879515
1990-06-20,5.032177925109863
1990-06-21,4.994052842433351
1990-06-22,4.917810260272417
1990-06-25,4.670013724747351
1990-06-26,4.574706454236968
1990-06-27,4.536584755197105
1990-06-28,4.708135197850949
1990-06-29,4.57470703125
1990-07-02,4.6128298771331915
1990-07-03,4.574707316165148
1990-07-05,4.593768310546875
1990-07-06,4.57470703125
1990-07-09,4.574706652932916
1990-07-10,4.593767541222991
1990-07-11,4.593768498936638
1990-07-12,4.612829779015213
1990-07-13,4.650951198655732
1990-07-16,4.631890486094577
1990-07-17,4.59376859664917
1990-07-18,4.59376859664917
1990-07-19,4.593768498936638
1990-07-20,4.650951573878158
1990-07-23,4.631890486094577
1990-07-24,4.59376859664917
1990-07-25,4.6128298771331915
1990-07-26,4.555646433789506
1990-07-27,4.460338859558106
1990-07-30,4.269726087782118
1990-07-31,4.269727167093529
1990-08-01,4.021929003659961
1990-08-02,3.9266226291656494
1990-08-03,3.9075613542667873
1990-08-06,3.8503778985902377
1990-08-07,3.8885004520416264
1990-08-08,3.8885004520416264
1990-08-09,3.8694417098961256
1990-08-10,3.8503786115790133
1990-08-13,3.793196553050882
1990-08-14,3.850377537877427
1990-08-15,3.7741338174734547
1990-08-16,3.8122563946003813
1990-08-17,3.69788870276237
1990-08-20,3.7360120638452394
1990-08-21,3.793197185882015
1990-08-22,3.697889358278305
1990-08-23,3.5835200097825792
1990-08-24,3.469153811854701
1990-08-27,3.6597670335036057
1990-08-28,3.7550720214843754
1990-08-29,3.8313176631927495
1990-08-30,3.8122563946003813
1990-08-31,3.7017199796499667
1990-09-04,3.779652273467698
1990-09-05,3.6822390556335454
1990-09-06,3.66275766804732
1990-09-07,3.5068936992335966
1990-09-10,3.6627556414217564
1990-09-11,3.643272767784775
1990-09-12,3.5848253240030283
1990-09-13,3.662756309307442
1990-09-14,3.6627578735351562
1990-09-17,3.6432717694449672
1990-09-18,3.7601701907622513
1990-09-19,3.7796505598852477
1990-09-20,3.8381003499682484
1990-09-21,3.7017202901316217
1990-09-24,3.5068959203259698
1990-09-25,3.3899993896484375
1990-09-26,3.3705166345355155
1990-09-27,3.4094794936802075
1990-09-28,3.136719822883606
1990-10-01,3.5848268549493016
1990-10-02,3.7017211497155698
1990-10-03,3.565342897718603
1990-10-04,3.448447654987204
1990-10-05,3.351031355110996
1990-10-08,3.234133846189347
1990-10-09,3.1951693540774517
1990-10-10,3.1367200787862144
1990-10-11,2.922412898990658
1990-10-12,2.78603217848416
1990-10-15,2.8639626959536937
1990-10-16,2.747067411156262
1990-10-17,2.630170925575144
1990-10-18,2.6301698684692383
1990-10-19,2.708100827534994
1990-10-22,2.6301701949990313
1990-10-23,2.66913642076885
1990-10-24,2.6496544433154647
1990-10-25,2.708101163739743
1990-10-26,2.6886186488839083
1990-10-29,2.552239576354623
1990-10-30,2.4937904882067032
1990-10-31,2.5522385890667256
1990-11-01,2.5132749294167134
1990-11-02,2.6301704049110413
1990-11-05,2.7275853723912804
1990-11-06,2.7860336303710938
1990-11-07,2.805513381958008
1990-11-08,2.844480286737916
1990-11-09,3.1562044858932494
1990-11-12,3.1172384534563333
1990-11-13,3.2925838105818808
1990-11-14,3.2925840862419293
1990-11-15,3.5458580395362893
1990-11-16,3.487410519804273
1990-11-19,3.3120658567973544
1990-11-20,3.273101876421672
1990-11-21,3.1172398823063547
1990-11-23,3.2341362404100824
1990-11-26,3.214652172054153
1990-11-27,3.2146515746316506
1990-11-28,3.2731003761291504
1990-11-29,3.2731028589709052
1990-11-30,3.370513063006931
1990-12-03,3.5914930246644103
1990-12-04,3.491729363966524
1990-12-05,3.5515890651279025
1990-12-06,4.070358384515821
1990-12-07,3.791021899036739
1990-12-10,3.6713024057367796
1990-12-11,3.6713044965589368
1990-12-12,3.6513493061065674
1990-12-13,3.6513541509760894
1990-12-14,3.7311602199012466
1990-12-17,3.5914930246644103
1990-12-18,3.531635905360128
1990-12-19,3.6513523767282674
1990-12-20,3.631399631500244
1990-12-21,3.791020947533685
1990-12-24,3.6912581648515617
1990-12-26,3.6713024057367796
1990-12-27,3.731162722046311
1990-12-28,3.6713061874563047
1990-12-31,3.4717752506278154
1991-01-02,3.4717752506278154
1991-01-03,3.4518259262496778
1991-01-04,3.5116838276056956
1991-01-07,3.5914940541016986
1991-01-08,3.5914930600798534
1991-01-09,3.551589390327191
1991-01-10,3.4717774987220764
1991-01-11,3.332105846878905
1991-01-14,3.032818382017074
1991-01-15,3.072722292250129
1991-01-16,3.0926736975027844
1991-01-17,3.2722503006458283
1991-01-18,3.1525343947294284
1991-01-21,3.2722498837639304
1991-01-22,3.372013599732343
1991-01-23,3.3919663429260254
1991-01-24,3.3720123224788243
1991-01-25,3.5914914838729364
1991-01-28,3.77106820570456
1991-01-29,3.731164053866738
1991-01-30,3.8109733377184187
1991-01-31,3.8907846106284576
1991-02-01,3.791021905414799
1991-02-04,3.8907845581279084
1991-02-05,4.190078318958551
1991-02-06,4.2698845863342285
1991-02-07,4.2698875047542435
1991-02-08,4.309789873356194
1991-02-11,4.409555537360055
1991-02-12,4.429507407466922
1991-02-13,4.489367928247729
1991-02-14,4.80861026755834
1991-02-15,4.708845218690504
1991-02-19,4.708846284632097
1991-02-20,4.4694128796062635
1991-02-21,4.50932062423981
1991-02-22,4.4295083772768535
1991-02-25,4.629035330655282
1991-02-26,4.54922605861317
1991-02-27,4.389602971631427
1991-02-28,4.329744749290998
1991-03-01,4.249934924615396
1991-03-04,4.454730679503585
1991-03-05,4.637801811612886
1991-03-06,4.759849394648528
1991-03-07,4.8818963498485335
1991-03-08,5.003945863246918
1991-03-11,4.881898403167725
1991-03-12,4.861555407787192
1991-03-13,4.719168456395467
1991-03-14,4.8615552662821955
1991-03-15,4.841215881874891
1991-03-18,4.96326322036807
1991-03-19,4.780193510996937
1991-03-20,4.678484283644577
1991-03-21,4.7191675587704305
1991-03-22,4.6378035002116915
1991-03-25,4.780192800577251
1991-03-26,4.881896822471319
1991-03-27,5.207357243974079
1991-03-28,5.268382036461021
1991-04-01,5.349745275382708
1991-04-02,5.410771195568255
1991-04-03,5.410768980182098
1991-04-04,5.248039084156668
1991-04-05,5.166673636923031
1991-04-08,4.94292053275221
1991-04-09,5.166675810019176
1991-04-10,4.90224027633667
1991-04-11,4.942920684814453
1991-04-12,5.166673636923031
1991-04-15,5.003945827484131
1991-04-16,5.207359577047414
1991-04-17,5.370086091140221
1991-04-18,5.858276849043996
1991-04-19,5.695543878728693
1991-04-22,5.654864975258156
1991-04-23,5.53281751919142
1991-04-24,5.553161179640268
1991-04-25,5.776914926805261
1991-04-26,5.736232427320717
1991-04-29,5.756570809370988
1991-04-30,5.817592925213752
1991-05-01,5.736229569761903
1991-05-02,5.939642418037026
1991-05-03,5.98032444507092
1991-05-06,5.776909828186035
1991-05-07,5.776913243181565
1991-05-08,5.5531589029498045
1991-05-09,5.614180585171313
1991-05-10,5.695548267925487
1991-05-13,5.53281831741333
1991-05-14,5.512479687451424
1991-05-15,5.4514516194661455
1991-05-16,5.410770873598007
1991-05-17,5.471794605255127
1991-05-20,5.451453226917195
1991-05-21,5.431112117483713
1991-05-22,5.451453342157252
1991-05-23,5.532820328422215
1991-05-24,5.593842310564859
1991-05-28,5.7158911775784444
1991-05-29,5.7158891462510635
1991-05-30,5.695548639064882
1991-05-31,5.858278235610651
1991-06-03,5.980324431641461
1991-06-04,5.980326275492824
1991-06-05,6.1227135884559765
1991-06-06,6.0413508081436165
1991-06-07,6.061688262605506
1991-06-10,6.041347344179411
1991-06-11,6.0210070530307735
1991-06-12,6.061689864982993
1991-06-13,5.980324588944888
1991-06-14,5.959983192078054
1991-06-17,5.919302940368652
1991-06-18,5.898958206176758
1991-06-19,5.878619845320539
1991-06-20,5.837935767807327
1991-06-21,5.817596109901987
1991-06-24,5.797254864762469
1991-06-25,5.858274755343586
1991-06-26,5.7972532885891574
1991-06-27,5.837935767807327
1991-06-28,5.817597352922169
1991-07-01,5.878617140580507
1991-07-02,6.0006679292396985
1991-07-03,5.898959327162357
1991-07-05,5.776909828186035
1991-07-08,5.7362279891967765
1991-07-09,5.782489776611328
1991-07-10,5.803143087008321
1991-07-11,5.823792337955914
1991-07-12,5.94770438118377
1991-07-15,6.009660522536476
1991-07-16,6.236828791670815
1991-07-17,6.340086054492306
1991-07-18,6.360739750198171
1991-07-19,6.52595176944485
1991-07-22,6.3400893131626095
1991-07-23,6.195527016119814
1991-07-24,6.278130816174792
1991-07-25,6.4020454807645955
1991-07-26,6.463997705956364
1991-07-29,6.422693378785077
1991-07-30,6.360738956659937
1991-07-31,6.422697240379965
1991-08-01,6.484650353462466
1991-08-02,6.4020454807645955
1991-08-05,6.505304150283337
1991-08-06,6.567252872146178
1991-08-07,6.608557352205602
1991-08-08,6.77377488239702
1991-08-09,6.856381893157959
1991-08-12,6.8976860672680305
1991-08-13,6.980290566809927
1991-08-14,7.186809936201716
1991-08-15,6.835726280212402
1991-08-16,6.732468308869357
1991-08-19,6.443346759941004
1991-08-20,6.567254362639433
1991-08-21,6.691163454374644
1991-08-22,6.773774492228689
1991-08-23,6.73247137701655
1991-08-26,6.815078542866838
1991-08-27,6.7531235703715575
1991-08-28,6.670513658812553
1991-08-29,6.815075874328614
1991-08-30,6.773773136253128
1991-09-03,6.938987115186132
1991-09-04,6.856385285431917
1991-09-05,6.9183371512286636
1991-09-06,6.856381498231478
1991-09-09,6.732467802559457
1991-09-10,6.77377701997757
1991-09-11,6.608560779426671
1991-09-12,6.505304924697153
1991-09-13,6.6085597446986615
1991-09-16,6.463998600744432
1991-09-17,6.402042523408547
1991-09-18,6.4226945503629915
1991-09-19,6.381391589872299
1991-09-20,6.525952747889928
1991-09-23,6.5053021061804985
1991-09-24,6.422697113454342
1991-09-25,6.608558423591383
1991-09-26,6.773770258062725
1991-09-27,6.649863524314685
1991-09-30,6.484649971218928
1991-10-01,6.732470989227295
1991-10-02,6.732470989227295
1991-10-03,6.711815834045409
1991-10-04,6.773771795426837
1991-10-07,6.654883982619522
1991-10-08,6.696738598862412
1991-10-09,6.696740627288818
1991-10-10,6.675814811999982
1991-10-11,6.801379419612593
1991-10-14,6.822302341461182
1991-10-15,7.157143551490211
1991-10-16,7.2408513537908
1991-10-17,7.387339958879682
1991-10-18,7.533830985044821
1991-10-21,7.261774811600194
1991-10-22,6.864161338690905
1991-10-23,6.906010627746582
1991-10-24,6.780449023725052
1991-10-25,6.864156017881451
1991-10-28,6.90601194227064
1991-10-29,6.989724894604051
1991-10-30,6.947870623309086
1991-10-31,6.947870254516602
1991-11-01,6.968793530213205
1991-11-04,7.157142894408283
1991-11-05,7.157139301300048
1991-11-06,7.178070212812985
1991-11-07,7.115283613680395
1991-11-08,7.157139301300048
1991-11-11,7.157139301300048
1991-11-12,7.157140594028549
1991-11-13,7.324558845137488
1991-11-14,7.512904644012451
1991-11-15,7.471050269205239
1991-11-18,7.366415250099312
1991-11-19,7.366415670643682
1991-11-20,7.219924672536273
1991-11-21,7.303633718905241
1991-11-22,7.219921576010214
1991-11-25,6.926941733160419
1991-11-26,7.031575453908819
1991-11-27,7.157142894408283
1991-11-29,7.094359896076259
1991-12-02,6.9269393731856495
1991-12-03,7.073432695297968
1991-12-04,7.052505493164062
1991-12-05,7.010648610323845
1991-12-06,7.03157439469592
1991-12-09,7.115288257598878
1991-12-10,7.0943573776044335
1991-12-11,7.198992832664871
1991-12-12,7.157138223172633
1991-12-13,7.157143551490211
1991-12-16,7.219923381195511
1991-12-17,7.157138223172633
1991-12-18,7.13621557600358
1991-12-19,7.07343053817749
1991-12-20,7.324561036151388
1991-12-23,7.219925537915296
1991-12-24,7.5338301815829425
1991-12-26,7.575686670604505
1991-12-27,7.826814405541672
1991-12-30,7.994231708309194
1991-12-31,8.077943731049961
1992-01-02,7.784959783052144
1992-01-03,7.910525882212984
1992-01-06,7.973307944834232
1992-01-07,8.020007243909335
1992-01-08,7.998845660655367
1992-01-09,8.062326070558221
1992-01-10,8.168129431639667
1992-01-13,8.062326431274414
1992-01-14,8.020005722045898
1992-01-15,8.52786565474522
1992-01-16,8.46438288089618
1992-01-17,8.295100321296518
1992-01-20,8.231620279451212
1992-01-21,8.083490150853208
1992-01-22,8.041165226189666
1992-01-23,8.146970748901367
1992-01-24,8.125807421372912
1992-01-27,8.210460108153674
1992-01-28,8.252776873480412
1992-01-29,8.168129431639667
1992-01-30,8.041167766489881
1992-01-31,7.956525695800781
1992-02-03,7.914199233374711
1992-02-04,7.8718774232222
1992-02-05,8.189292674869685
1992-02-06,8.125808953003562
1992-02-07,8.210459301869076
1992-02-10,8.168129431639667
1992-02-11,8.104648354798165
1992-02-12,8.020006628011599
1992-02-13,8.104649814433698
1992-02-14,7.935364137996327
1992-02-18,7.91420316696167
1992-02-19,8.125807421372912
1992-02-20,8.295100321296518
1992-02-21,8.273939978770722
1992-02-24,8.273936821682618
1992-02-25,8.527868881225587
1992-02-26,8.464388541987375
1992-02-27,8.718318939208984
1992-02-28,8.67600154876709
1992-03-02,8.697156834958205
1992-03-03,8.549029234325324
1992-03-04,8.485546459065805
1992-03-05,8.549026833441024
1992-03-06,8.422066142540853
1992-03-09,8.295095321772349
1992-03-10,8.21045124867888
1992-03-11,8.168135119707157
1992-03-12,8.231612205505371
1992-03-13,8.27393783982267
1992-03-16,8.210456440466961
1992-03-17,8.316261922396148
1992-03-18,8.231615907138154
1992-03-19,8.252779006958008
1992-03-20,8.252782067474055
1992-03-23,8.295104026794434
1992-03-24,8.295100321296518
1992-03-25,8.295098532274896
1992-03-26,8.379739052087219
1992-03-27,8.379742622375488
1992-03-30,8.337424588143374
1992-03-31,8.422068492591531
1992-04-01,8.35858165615737
1992-04-02,8.400905809646998
1992-04-03,8.210459301869076
1992-04-06,8.10465220426902
1992-04-07,8.25790786743164
1992-04-08,8.172340177801338
1992-04-09,8.172333692639603
1992-04-10,8.322087287902832
1992-04-13,8.322096608447788
1992-04-14,8.49323717986836
1992-04-15,8.749962526617699
1992-04-16,8.814138868779086
1992-04-20,8.921108444720083
1992-04-21,8.985287196328194
1992-04-22,8.94250176128469
1992-04-23,8.985292434692383
1992-04-24,9.02807841013713
1992-04-27,8.792749629437346
1992-04-28,8.835536003112793
1992-04-29,8.83553689961239
1992-04-30,8.963895535582049
1992-05-01,9.006682395935059
1992-05-04,9.006683986877727
1992-05-05,9.156443721427653
1992-05-06,9.284804393690811
1992-05-07,9.49873932058161
1992-05-08,9.391769468373266
1992-05-11,9.263405570277461
1992-05-12,9.263407931349795
1992-05-13,9.327591510712427
1992-05-14,9.413164208788391
1992-05-15,9.220618743718644
1992-05-18,9.220623094527449
1992-05-19,9.156442423335841
1992-05-20,9.113654649482584
1992-05-21,9.07086865718548
1992-05-22,8.878323502643012
1992-05-26,8.921110251130568
1992-05-27,8.792744643565186
1992-05-28,8.771357756751588
1992-05-29,8.77135944366455
1992-06-01,8.771353258806116
1992-06-02,8.771357756751588
1992-06-03,8.814144867760131
1992-06-04,8.749966933809477
1992-06-05,8.707172625205095
1992-06-08,8.856927871704102
1992-06-09,8.856930451427433
1992-06-10,8.87832724175802
1992-06-11,8.814143180847168
1992-06-12,8.856927871704102
1992-06-15,8.835536453522831
1992-06-16,8.856929552757133
1992-06-17,8.814144867760131
1992-06-18,8.72856616973877
1992-06-19,8.72856616973877
1992-06-22,8.749963828663768
1992-06-23,8.707179378755022
1992-06-24,8.642998695373535
1992-06-25,8.642996055697218
1992-06-26,8.664388320978405
1992-06-29,8.7927489817982
1992-06-30,9.1136507458157
1992-07-01,9.220622796790543
1992-07-02,9.199226428645318
1992-07-06,9.15644039285594
1992-07-07,9.376192648086189
1992-07-08,9.0737370975682
1992-07-09,9.224963054744475
1992-07-10,9.419400215148926
1992-07-13,9.419400215148926
1992-07-14,9.332985187398977
1992-07-15,9.376192919857854
1992-07-16,9.160148205768413
1992-07-17,9.138544082641602
1992-07-20,8.965711097627103
1992-07-21,9.138544207230883
1992-07-22,9.116937637329102
1992-07-23,9.13854487889121
1992-07-24,8.98731680586032
1992-07-27,8.944109369726743
1992-07-28,8.857694199452034
1992-07-29,9.00892437777473
1992-07-30,8.944108551985993
1992-07-31,8.922507836980726
1992-08-03,8.90090043005282
1992-08-04,8.922507836980726
1992-08-05,8.922504425048828
1992-08-06,8.922503883711958
1992-08-07,8.987317360670868
1992-08-10,9.008920386217643
1992-08-11,8.922507836980726
1992-08-12,8.857692854077209
1992-08-13,8.900903701782227
1992-08-14,8.900903701782227
1992-08-17,8.85769340271446
1992-08-18,8.771276610912663
1992-08-19,8.771275350890184
1992-08-20,8.533635297197726
1992-08-21,8.512031715743396
1992-08-24,8.404004477956589
1992-08-25,8.187963231736624
1992-08-26,8.295986703725962
1992-08-27,8.684857368469238
1992-08-28,8.684856776035193
1992-08-31,8.555241025064694
1992-09-01,8.620048382633048
1992-09-02,8.62005345707276
1992-09-03,8.598443714576431
1992-09-04,8.533635297197726
1992-09-08,8.447215628012632
1992-09-09,8.468819760053586
1992-09-10,8.425614597233198
1992-09-11,8.490426217198676
1992-09-14,8.425614597233198
1992-09-15,8.490427017211914
1992-09-16,8.447215770937733
1992-09-17,8.468813584825373
1992-09-18,8.490419565133713
1992-09-21,8.576836049257212
1992-09-22,8.576838212569958
1992-09-23,8.57683616936809
1992-09-24,8.576836754433552
1992-09-25,8.555237474441528
1992-09-28,8.641654014587402
1992-09-29,8.62004441203493
1992-09-30,8.598443038375288
1992-10-01,8.81448630566867
1992-10-02,9.160151342830748
1992-10-05,9.224964834609121
1992-10-06,9.150541164087906
1992-10-07,9.106863553973211
1992-10-08,9.08502455264474
1992-10-09,9.019505790342768
1992-10-12,9.063190153666904
1992-10-13,9.1723810051972
1992-10-14,9.216059546572579
1992-10-15,9.172380339931435
1992-10-16,9.216055870056152
1992-10-19,9.17238086673385
1992-10-20,9.281576017163834
1992-10-21,9.347092346406319
1992-10-22,9.347093568561762
1992-10-23,9.216059009983855
1992-10-26,9.172381539242851
1992-10-27,9.237898550237443
1992-10-28,9.17238086673385
1992-10-29,9.2597314453125
1992-10-30,9.325253345596959
1992-11-02,9.303419627699741
1992-11-03,9.412604635912608
1992-11-04,9.434448100574608
1992-11-05,9.434448137675245
1992-11-06,9.521807131943879
1992-11-09,9.412606680997506
1992-11-10,9.412612096027091
1992-11-11,9.434451636918094
1992-11-12,9.47812160553613
1992-11-13,9.478129653755678
1992-11-16,9.478123664855957
1992-11-17,9.478129653755678
1992-11-18,9.434448310612563
1992-11-19,9.87122917175293
1992-11-20,9.958586156624069
1992-11-23,10.133295059204102
1992-11-24,10.089612653981085
1992-11-25,10.133297643620214
1992-11-27,10.002261071369567
1992-11-30,10.176978701039365
1992-12-01,9.871226600613364
1992-12-02,9.87122917175293
1992-12-03,9.871226976182726
1992-12-04,9.871230534144809
1992-12-07,9.82754898071289
1992-12-08,9.783870985243055
1992-12-09,9.827552522931779
1992-12-10,9.740194320678711
1992-12-11,9.740194320678711
1992-12-14,9.652838706970215
1992-12-15,9.696520805358887
1992-12-16,9.696516427126797
1992-12-17,9.696516427126797
1992-12-18,9.74019298977322
1992-12-21,9.783866815981657
1992-12-22,10.089622660687095
1992-12-23,9.871228722965016
1992-12-24,9.69651631924069
1992-12-28,9.740194713368137
1992-12-29,9.696514625381267
1992-12-30,9.958588600158691
1992-12-31,9.914910579982557
1993-01-04,10.045942031660454
1993-01-05,10.002263622366504
1993-01-06,10.04594464051096
1993-01-07,9.871226976182726
1993-01-08,9.884032779269749
1993-01-11,9.531031494140626
1993-01-12,9.972278074020856
1993-01-13,10.060535430908203
1993-01-14,10.016405836328282
1993-01-15,10.281155385045562
1993-01-18,10.369405645861404
1993-01-19,10.501784477704836
1993-01-20,10.810656451020646
1993-01-21,10.898910271693985
1993-01-22,10.987160647210997
1993-01-25,10.590030766334854
1993-01-26,10.590029544517641
1993-01-27,10.722409788242057
1993-01-28,10.545909881591797
1993-01-29,10.501784477704836
1993-02-01,10.722404913824112
1993-02-02,10.766533735321788
1993-02-03,10.85478401184082
1993-02-04,10.943035414494366
1993-02-05,11.03128327263726
1993-02-08,11.16366195678711
1993-02-09,11.119532785108014
1993-02-10,11.031282524908743
1993-02-11,10.943030529334896
1993-02-12,10.854781579392158
1993-02-16,10.854780283130582
1993-02-17,10.722410881519318
1993-02-18,10.634163377640094
1993-02-19,10.501779298313329
1993-02-22,10.854785934267307
1993-02-23,11.207788344846671
1993-02-24,10.987158139546713
1993-02-25,11.163661128496269
1993-02-26,11.075407655008378
1993-03-01,11.075410596062156
1993-03-02,11.075410596062156
1993-03-03,11.384285926818848
1993-03-04,11.472536205321319
1993-03-05,11.20778627129665
1993-03-08,11.163658671908909
1993-03-09,11.207786021513098
1993-03-10,11.251908522385817
1993-03-11,11.472538673516475
1993-03-12,11.472538673516475
1993-03-15,11.649039132254464
1993-03-16,12.002038919700768
1993-03-17,11.649038445858555
1993-03-18,11.649037775003686
1993-03-19,11.737288188571712
1993-03-22,11.560788835797991
1993-03-23,11.82553630643123
1993-03-24,11.825540803015452
1993-03-25,12.002037883675012
1993-03-26,12.178538739035707
1993-03-29,12.266785526275635
1993-03-30,12.355039119720459
1993-03-31,12.090287119261781
1993-04-01,11.825536196116621
1993-04-02,11.737288737115058
1993-04-05,11.61776040150569
1993-04-06,11.662275527895186
1993-04-07,11.617761039733885
1993-04-08,12.062888390877667
1993-04-12,12.196424578943997
1993-04-13,12.641546599180229
1993-04-14,12.864106863737106
1993-04-15,12.819601753153988
1993-04-16,12.686066420181938
1993-04-19,12.107395390101841
1993-04-20,12.41898406161009
1993-04-21,12.107397700963396
1993-04-22,11.840327739715576
1993-04-23,11.706784330308437
1993-04-26,11.484228892498706
1993-04-27,11.039099983547045
1993-04-28,11.350687483082647
1993-04-29,11.128119596346156
1993-04-30,11.30617193877697
1993-05-03,11.35068416595459
1993-05-04,11.35068442672491
1993-05-05,11.39519779265873
1993-05-06,11.217149983281676
1993-05-07,11.350689884200989
1993-05-10,11.083616256713867
1993-05-11,11.12811945755658
1993-05-12,11.35068442672491
1993-05-13,11.039100646972656
1993-05-14,10.994582320823044
1993-05-17,10.950071070145588
1993-05-18,10.861050148320391
1993-05-19,10.950072035193443
1993-05-20,11.30617193877697
1993-05-21,11.217144553116926
1993-05-24,11.30617498314899
1993-05-25,11.217149983281676
1993-05-26,11.30617551177625
1993-05-27,11.528735266791449
1993-05-28,11.083609499037266
1993-06-01,11.30617193877697
1993-06-02,11.350681988273081
1993-06-03,11.261659192103965
1993-06-04,11.21715333726671
1993-06-07,10.905558642219095
1993-06-08,10.72750744663301
1993-06-09,10.950075396642028
1993-06-10,10.994586118062337
1993-06-11,10.861045995688539
1993-06-14,10.816532404696355
1993-06-15,10.861046102095623
1993-06-16,10.950075641755134
1993-06-17,10.861050393417296
1993-06-18,10.950073623657225
1993-06-21,10.772025390192564
1993-06-22,11.039096757477404
1993-06-23,11.03910039986676
1993-06-24,10.905560387505425
1993-06-25,11.217153801975481
1993-06-28,11.17263869352119
1993-06-29,11.57324660058115
1993-06-30,11.395201238967081
1993-07-01,11.706788029910054
1993-07-02,11.439713722051575
1993-07-06,11.451891603923979
1993-07-07,11.362063543064387
1993-07-08,11.406980405327019
1993-07-09,11.766258823779202
1993-07-12,11.6315279006958
1993-07-13,11.541706814485437
1993-07-14,11.496796031057098
1993-07-15,10.868065572554066
1993-07-16,11.27224982938459
1993-07-19,11.137521743774414
1993-07-20,11.047705877774929
1993-07-21,10.778248999729628
1993-07-22,10.77824963685359
1993-07-23,10.823164535781086
1993-07-26,10.239338021090978
1993-07-27,10.374070571640791
1993-07-28,10.598608493804932
1993-07-29,10.418973297768451
1993-07-30,10.46388222335221
1993-08-02,10.28423895213915
1993-08-03,10.28423895213915
1993-08-04,10.329162447076095
1993-08-05,10.418972857586748
1993-08-06,10.418975671132406
1993-08-09,10.7333402633667
1993-08-10,10.733338871408016
1993-08-11,10.55370406531469
1993-08-12,10.59861344431603
1993-08-13,10.598607188035666
1993-08-16,10.643526950124967
1993-08-17,10.59861344431603
1993-08-18,10.508792033094041
1993-08-19,10.508788483052314
1993-08-20,10.733338871408016
1993-08-23,10.59861109437061
1993-08-24,10.688430258065216
1993-08-25,10.868069450060528
1993-08-26,10.778245456883164
1993-08-27,10.868068383827369
1993-08-30,10.778250694274902
1993-08-31,10.823160072167715
1993-09-01,10.733345742953027
1993-09-02,10.598610768419631
1993-09-03,10.598610768419631
1993-09-07,10.688429832458496
1993-09-08,10.64352151639292
1993-09-09,10.598608841130762
1993-09-10,11.137528681660077
1993-09-13,11.272252078883904
1993-09-14,10.77824963685359
1993-09-15,10.688430258065216
1993-09-16,10.77824627911603
1993-09-17,10.643522560596466
1993-09-20,10.688429832458496
1993-09-21,10.688432202318708
1993-09-22,10.688433272206886
1993-09-23,10.59861344431603
1993-09-24,10.55369783554399
1993-09-27,10.778245456883164
1993-09-28,10.957887851125825
1993-09-29,11.047701593305243
1993-09-30,10.957887851125825
1993-10-01,11.047706704390677
1993-10-04,11.092621956484384
1993-10-05,11.272253486199109
1993-10-06,11.002793312072754
1993-10-07,11.073597381718427
1993-10-08,11.118976345911681
1993-10-11,11.209744971475484
1993-10-12,11.028210067749024
1993-10-13,10.846681089724525
1993-10-14,10.892061505998884
1993-10-15,10.937441355065456
1993-10-18,10.710528803485657
1993-10-19,10.528990492861494
1993-10-20,10.528988116720448
1993-10-21,10.528997404385457
1993-10-22,10.347455146554283
1993-10-25,10.302076197507088
1993-10-26,10.392843246459961
1993-10-27,10.39283740831458
1993-10-28,10.392839184055081
1993-10-29,10.528988116720448
1993-11-01,10.483610962999277
1993-11-02,10.528994175425746
1993-11-03,10.347460372107369
1993-11-04,10.075156345626347
1993-11-05,10.029770359463162
1993-11-08,10.302071817186144
1993-11-09,10.438226734041633
1993-11-10,10.07515821958843
1993-11-11,10.302076197507088
1993-11-12,10.438220977783203
1993-11-15,10.438222296962655
1993-11-16,10.392843246459961
1993-11-17,10.392843388674551
1993-11-18,10.256687996145914
1993-11-19,10.256695747375488
1993-11-22,10.347462966378812
1993-11-23,10.34745979309082
1993-11-24,10.438222761278029
1993-11-26,10.574374072572105
1993-11-29,10.71052714756557
1993-11-30,10.75590705871582
1993-12-01,10.846679593360474
1993-12-02,10.665146678181019
1993-12-03,10.846678332065014
1993-12-06,10.619761610235779
1993-12-07,10.619757652282715
1993-12-08,10.528989188278778
1993-12-09,10.801297486838648
1993-12-10,10.755912400110596
1993-12-13,10.665139910541004
1993-12-14,10.846675550835764
1993-12-15,10.619761754726541
1993-12-16,10.5743767839797
1993-12-17,10.574377175654327
1993-12-20,10.846677916390554
1993-12-21,10.665143966674805
1993-12-22,10.619761610235779
1993-12-23,10.5289945602417
1993-12-27,10.528993192632148
1993-12-28,10.5743767839797
1993-12-29,10.619757652282715
1993-12-30,10.619761754726541
1993-12-31,10.57437815748412
1994-01-03,10.438227365756857
1994-01-04,10.574373492946872
1994-01-05,10.5289945602417
1994-01-06,10.528994416985899
1994-01-07,10.574376378740583
1994-01-10,10.735232191570734
1994-01-11,10.735230157355302
1994-01-12,10.781109809875488
1994-01-13,10.735230185768822
1994-01-14,10.55172197746508
1994-01-17,10.59759287626847
1994-01-18,10.735233871721915
1994-01-19,10.59759359995524
1994-01-20,10.414085485670302
1994-01-21,10.36821120846114
1994-01-24,10.368208457099067
1994-01-25,10.36821120846114
1994-01-26,10.414088249206543
1994-01-27,10.459969055958283
1994-01-28,10.826988007377658
1994-01-31,10.73522599135773
1994-02-01,10.872862571325058
1994-02-02,10.781107237844756
1994-02-03,10.643475532531738
1994-02-04,10.597598787885985
1994-02-07,10.13883492376952
1994-02-08,10.414097410387697
1994-02-09,10.414085485670302
1994-02-10,10.27646541595459
1994-02-11,10.276457126970334
1994-02-14,10.368220329284668
1994-02-15,10.414088249206543
1994-02-16,10.459974491490726
1994-02-17,10.414088249206543
1994-02-18,10.459974491490726
1994-02-22,10.459965289951947
1994-02-23,10.414085485670302
1994-02-24,10.27645943067732
1994-02-25,10.230580582466299
1994-02-28,10.092951226558082
1994-03-01,10.13882759639195
1994-03-02,9.909440274508494
1994-03-03,9.863563236200584
1994-03-04,9.817693142558253
1994-03-07,9.863566951216939
1994-03-08,9.86356943425998
1994-03-09,9.7259382328517
1994-03-10,9.817692367123886
1994-03-11,9.817686670476741
1994-03-14,10.047072410583496
1994-03-15,10.047077743285293
1994-03-16,10.047076845382897
1994-03-17,10.13882827758789
1994-03-18,10.047074175528273
1994-03-21,10.092949453554196
1994-03-22,10.047074175528273
1994-03-23,10.13882827758789
1994-03-24,10.13882827758789
1994-03-25,10.092948913574219
1994-03-28,10.047071873057972
1994-03-29,10.092949453554196
1994-03-30,9.955323568532163
1994-03-31,9.680061165715607
1994-04-04,9.634184272368373
1994-04-05,9.771809629960494
1994-04-06,10.092948913574219
1994-04-07,10.092948913574219
1994-04-08,10.092948913574219
1994-04-11,10.09295784266649
1994-04-12,10.487005735698498
1994-04-13,10.626212700377119
1994-04-14,10.858222675323486
1994-04-15,11.183041302363078
1994-04-18,11.09023938447366
1994-04-19,10.626215724621789
1994-04-20,10.9510357410611
1994-04-21,10.858228190191861
1994-04-22,10.76542181717722
1994-04-25,10.626214767324514
1994-04-26,10.719016940583217
1994-04-28,10.487001013432154
1994-04-29,10.254992981128094
1994-05-02,10.44060255573914
1994-05-03,10.533406694200304
1994-05-04,10.39420103064567
1994-05-05,10.394199877713634
1994-05-06,10.39420103064567
1994-05-09,10.347796626524492
1994-05-10,10.347797199688127
1994-05-11,10.48700639699072
1994-05-12,10.394204139709473
1994-05-13,10.34779658049216
1994-05-16,10.672615945866678
1994-05-17,10.440601930989848
1994-05-18,10.811823402567112
1994-05-19,10.904630452644925
1994-05-20,11.090242385864258
1994-05-23,11.04383992340605
1994-05-24,10.99743581819935
1994-05-25,11.043839698057296
1994-05-26,11.09024146751121
1994-05-27,11.183035776263377
1994-05-31,11.229445297864018
1994-06-01,11.368653297424316
1994-06-02,11.507862181890578
1994-06-03,11.554269790649414
1994-06-06,11.554263963504713
1994-06-07,11.322249285380046
1994-06-08,11.229438414339159
1994-06-09,11.275848820001753
1994-06-10,11.183043479919434
1994-06-13,11.18304263134392
1994-06-14,11.368653822524344
1994-06-15,11.415048966642285
1994-06-16,11.322251490042913
1994-06-17,11.27584105241494
1994-06-20,11.22945044928515
1994-06-21,11.090237086332296
1994-06-22,10.951034545898438
1994-06-23,10.997431755065918
1994-06-24,10.951031429209607
1994-06-27,10.81182109253316
1994-06-28,11.090243822515266
1994-06-29,10.8118250870905
1994-06-30,10.997434033975974
1994-07-01,10.85823035342499
1994-07-05,10.719019721536075
1994-07-06,10.997434104757106
1994-07-07,10.9510335593388
1994-07-08,10.765422364585419
1994-07-11,10.884498530136042
1994-07-12,10.884494361373296
1994-07-13,10.649914741516113
1994-07-14,10.6499179519456
1994-07-15,10.83758271917253
1994-07-18,10.97833180627903
1994-07-19,11.072159690045297
1994-07-20,11.072160196096096
1994-07-21,10.556086740995708
1994-07-22,10.790664597890263
1994-07-25,10.743747470653163
1994-07-26,10.649914741516113
1994-07-27,10.649922217641558
1994-07-28,10.509167831555931
1994-07-29,10.602999065233314
1994-08-01,10.69683066548755
1994-08-02,10.64991561501427
1994-08-03,10.509174346923828
1994-08-04,10.509167215098506
1994-08-05,10.649916798787347
1994-08-08,10.64991561501427
1994-08-09,10.509164903428818
1994-08-10,10.509174346923828
1994-08-11,10.509169432494017
1994-08-12,10.415337562561035
1994-08-15,10.509169432494017
1994-08-16,10.509164903428818
1994-08-17,10.55608723498038
1994-08-18,10.415337562561035
1994-08-19,10.462253497527527
1994-08-22,10.415335490486838
1994-08-23,10.368419564854015
1994-08-24,10.415342433112007
1994-08-25,10.509172379703266
1994-08-26,10.509174346923828
1994-08-29,10.556090303829738
1994-08-30,10.55608081817627
1994-08-31,10.462258390017919
1994-09-01,10.462253497527527
1994-09-02,10.509169432494017
1994-09-06,10.462255348447222
1994-09-07,10.415335490486838
1994-09-08,10.321503639221191
1994-09-09,10.274595212498935
1994-09-12,10.274589538574219
1994-09-13,10.274589538574219
1994-09-14,10.274587713588367
1994-09-15,10.462253497527527
1994-09-16,10.274589538574219
1994-09-19,10.321505472540311
1994-09-20,10.274591247240702
1994-09-21,10.180759363704258
1994-09-22,10.133839265355524
1994-09-23,9.94618219673916
1994-09-26,9.899266242980957
1994-09-27,9.899266133468117
1994-09-28,9.85234373020676
1994-09-29,9.946185030255998
1994-09-30,9.899266021839086
1994-10-03,9.758519843073174
1994-10-04,9.477018126291247
1994-10-05,9.383189263035408
1994-10-06,9.523932541117949
1994-10-07,9.617772102355957
1994-10-10,9.664688063830864
1994-10-11,9.608256012785668
1994-10-12,9.703383957130322
1994-10-13,9.94122047149218
1994-10-14,9.988780181373706
1994-10-17,9.89364699189886
1994-10-18,9.703387260437012
1994-10-19,9.703384810227615
1994-10-20,9.275294303894043
1994-10-21,9.22773141359028
1994-10-24,8.989899635314941
1994-10-25,8.94233512878418
1994-10-26,8.942335281780059
1994-10-27,8.942335281780059
1994-10-28,8.847207174251217
1994-10-31,9.085031965945628
1994-11-01,8.989902019500732
1994-11-02,8.894769668579102
1994-11-03,8.894769668579102
1994-11-04,8.894770781199137
1994-11-07,8.84720516204834
1994-11-08,8.894768196603525
1994-11-09,8.894769474700256
1994-11-10,8.561817360989874
1994-11-11,8.419120404973377
1994-11-14,8.561817360989874
1994-11-15,8.514244534752585
1994-11-16,8.37154636826626
1994-11-17,7.991024821637625
1994-11-18,7.895893573760986
1994-11-21,7.8007618605724875
1994-11-22,7.658063888549806
1994-11-23,7.610504612778173
1994-11-25,7.848327949822667
1994-11-28,7.943459197699306
1994-11-29,7.94346219017392
1994-11-30,8.038590445575943
1994-12-01,7.895893102774591
1994-12-02,7.753192818807271
1994-12-05,8.038589320463293
1994-12-06,8.086156055066711
1994-12-07,7.991020819384181
1994-12-08,7.943455219268799
1994-12-09,7.943455219268799
1994-12-12,7.94346219017392
1994-12-13,7.991024807360045
1994-12-14,8.086156348961627
1994-12-15,8.228854957668261
1994-12-16,8.323987808016783
1994-12-19,8.609377389543512
1994-12-20,8.37154928485999
1994-12-21,8.371553452634021
1994-12-22,8.561809321812222
1994-12-23,8.371546892438616
1994-12-27,8.37154769897461
1994-12-28,8.419115728036518
1994-12-29,8.228852926626713
1994-12-30,8.086156055066711
1995-01-03,8.038592415294428
1995-01-04,8.419114589691162
1995-01-05,8.609377537920176
1995-01-06,8.847210673962609
1995-01-09,8.361117801883003
1995-01-10,8.554438296726772
1995-01-11,8.457777679311059
1995-01-12,8.409448335337085
1995-01-13,8.361119407346878
1995-01-16,8.409449450174968
1995-01-17,8.747763388649712
1995-01-18,8.651098616463798
1995-01-19,8.409449577331543
1995-01-20,8.457777976989746
1995-01-23,8.457778123292055
1995-01-24,8.554442650779
1995-01-25,8.747759300729504
1995-01-26,8.89274662098986
1995-01-27,9.134398460388184
1995-01-30,9.134397344386324
1995-01-31,9.134397344386324
1995-02-01,9.182727489065616
1995-02-02,9.086077173550922
1995-02-03,9.279390630033827
1995-02-06,9.376053676704052
1995-02-07,9.231063842773438
1995-02-08,9.231067766745884
1995-02-09,9.279393329521536
1995-02-10,9.327723503112793
1995-02-13,9.327723503112793
1995-02-14,9.666038513183594
1995-02-15,9.666033882406813
1995-02-16,9.762694358825684
1995-02-17,9.714363773863518
1995-02-21,9.714363773863518
1995-02-22,9.666030395207146
1995-02-23,9.859356056771627
1995-02-24,9.907686233520508
1995-02-27,9.85935100311129
1995-02-28,9.859352111816406
1995-03-01,9.85935456005495
1995-03-02,9.666033605834347
1995-03-03,9.521043374170711
1995-03-06,9.617703437805176
1995-03-07,9.569371587222385
1995-03-08,9.376053676704052
1995-03-09,9.327720789565253
1995-03-10,9.424381546562698
1995-03-13,9.569369800274188
1995-03-14,9.424381546562698
1995-03-15,9.569372031894432
1995-03-16,9.521041870117188
1995-03-17,9.569371885182907
1995-03-20,9.472709499261319
1995-03-21,9.472711708339943
1995-03-22,9.472711708339943
1995-03-23,9.472711563110352
1995-03-24,9.424379348754883
1995-03-27,9.424379348754883
1995-03-28,9.424381402074074
1995-03-29,9.472711268159532
1995-03-30,9.424381108628106
1995-03-31,9.376049198248449
1995-04-03,9.424381402074074
1995-04-04,9.472711708339943
1995-04-05,9.521043374170711
1995-04-06,9.859352111816406
1995-04-07,9.907682269227271
1995-04-10,9.898562707901
1995-04-11,9.800548746128275
1995-04-12,9.653542843061624
1995-04-13,9.60453777120571
1995-04-17,9.800547969584562
1995-04-18,9.702543258666992
1995-04-19,9.702551565170287
1995-04-20,9.849559922218322
1995-04-21,9.84955479006462
1995-04-24,9.898555755615234
1995-04-25,9.947558506880656
1995-04-26,9.898557039960545
1995-04-27,9.800552254292501
1995-04-28,9.849555015563965
1995-05-01,9.898557776835426
1995-05-02,9.849553004349813
1995-05-03,9.898557550214194
1995-05-04,9.947561147166233
1995-05-05,9.996563070513345
1995-05-08,9.947561147166233
1995-05-09,9.996559999047257
1995-05-10,10.045568341190375
1995-05-11,10.094569439981498
1995-05-12,10.045562744140625
1995-05-15,10.045562455287346
1995-05-16,10.19256852136404
1995-05-17,10.339578917393318
1995-05-18,10.192570979420731
1995-05-19,9.996565568794324
1995-05-22,10.094562284113687
1995-05-23,10.24157286581592
1995-05-24,10.682606008317736
1995-05-25,10.53559766875373
1995-05-26,10.535587654294561
1995-05-30,10.339580127804778
1995-05-31,10.53559766875373
1995-06-01,10.584600448608398
1995-06-02,10.486594888899061
1995-06-05,10.633599655048267
1995-06-06,10.927616119384766
1995-06-07,10.878606882570017
1995-06-08,10.829610327971146
1995-06-09,10.584589579459012
1995-06-12,10.290576173708988
1995-06-13,10.290575606800685
1995-06-14,10.584593874909157
1995-06-15,10.535588443559101
1995-06-16,10.486585706612315
1995-06-19,10.486590996315952
1995-06-20,10.633596624330034
1995-06-21,10.584592052709276
1995-06-22,10.486592756498844
1995-06-23,10.584591180505887
1995-06-26,10.486586570739746
1995-06-27,10.486585706612315
1995-06-28,10.437582969665527
1995-06-29,10.339577495771955
1995-06-30,10.437582187742983
1995-07-03,10.388579454467195
1995-07-05,10.388585090637207
1995-07-06,10.43758562664653
1995-07-07,10.535591125488281
1995-07-10,10.14357158319274
1995-07-11,9.849551489858916
1995-07-12,9.702546009466277
1995-07-13,9.791309534005784
1995-07-14,9.89071332980425
1995-07-17,9.69190273966108
1995-07-18,9.741604804992676
1995-07-19,9.741609820430142
1995-07-20,9.542803764343262
1995-07-21,9.592500867599096
1995-07-24,9.69190273966108
1995-07-25,9.741612971736695
1995-07-26,9.791308022508717
1995-07-27,9.841017185734009
1995-07-28,9.841017185734009
1995-07-31,9.791308022508717
1995-08-01,9.841010093688965
1995-08-02,9.791308022508717
1995-08-03,9.791308022508717
1995-08-04,9.841017185734009
1995-08-07,9.791315727233886
1995-08-08,9.990124168395997
1995-08-09,9.990124168395997
1995-08-10,9.940414617557337
1995-08-11,10.039821064887354
1995-08-14,9.990118980407715
1995-08-15,9.990118980407715
1995-08-16,9.990124168395997
1995-08-17,9.940415770564247
1995-08-18,9.890719947814942
1995-08-21,9.940415770564247
1995-08-22,9.890719947814942
1995-08-23,9.940422058105469
1995-08-24,9.940422058105469
1995-08-25,9.940416672650505
1995-08-28,10.18892554136423
1995-08-29,10.338029116675967
1995-08-30,10.437433242797852
1995-08-31,10.437433242797852
1995-09-01,10.43743722843674
1995-09-05,10.536838727576711
1995-09-06,10.785352477160368
1995-09-07,10.934460086909603
1995-09-08,10.884756647456776
1995-09-11,10.984162178213738
1995-09-12,10.934460086909603
1995-09-13,10.835055904301335
1995-09-14,10.934457950763875
1995-09-15,11.0338609568278
1995-09-18,11.083565711975098
1995-09-19,11.083565711975098
1995-09-20,11.083565316029958
1995-09-21,11.133269053723843
1995-09-22,11.182967544122555
1995-09-25,11.381779523673037
1995-09-26,11.282371909217495
1995-09-27,11.232669262356229
1995-09-28,11.232669262356229
1995-09-29,11.133267800369604
1995-10-02,11.083565711975098
1995-10-03,11.083565316029958
1995-10-04,11.182967544122555
1995-10-05,11.381775650484808
1995-10-06,11.530881881713867
1995-10-09,11.48117733001709
1995-10-10,11.431475263653379
1995-10-11,11.481179804637513
1995-10-12,11.571126937866211
1995-10-13,11.57113091987476
1995-10-16,11.520818710327148
1995-10-17,11.52081769031027
1995-10-18,11.621437806349533
1995-10-19,11.772368603739245
1995-10-20,11.621439380983336
1995-10-23,11.26927205771882
1995-10-24,11.218969345092773
1995-10-25,11.26927815008601
1995-10-26,10.967413217249051
1995-10-27,10.61525408279064
1995-10-30,10.866794747366033
1995-10-31,10.766179357256208
1995-11-01,10.564939337716975
1995-11-02,10.866804483774546
1995-11-03,11.168656513907694
1995-11-06,11.01772872317921
1995-11-07,11.06803743229356
1995-11-08,10.866800932450728
1995-11-09,11.068037986755371
1995-11-10,11.068037986755371
1995-11-13,11.1183443069458
1995-11-14,11.11835214536484
1995-11-15,10.96741945960305
1995-11-16,11.01773232382697
1995-11-17,11.168661431090472
1995-11-20,11.11835088386192
1995-11-21,11.168653946256013
1995-11-22,11.671747060922476
1995-11-24,11.722059336201898
1995-11-27,11.722055435180664
1995-11-28,11.671746184385897
1995-11-29,11.671747060922476
1995-11-30,11.8226748246413
1995-12-01,11.822678301514697
1995-12-04,12.023913147035708
1995-12-05,12.17484004863565
1995-12-06,12.124535372227799
1995-12-07,12.174838269604798
1995-12-08,12.124529910087585
1995-12-11,11.973602151870727
1995-12-12,12.07422579749156
1995-12-13,11.872984079214243
1995-12-14,11.772365793005212
1995-12-15,11.571131533589856
1995-12-18,11.621439380983336
1995-12-19,11.470510259851233
1995-12-20,11.77236557006836
1995-12-21,11.822673526269122
1995-12-22,12.023915378987288
1995-12-26,11.973603023038367
1995-12-27,12.124530913337829
1995-12-28,12.677937319898229
1995-12-29,12.828862888868466
1996-01-02,12.778552654001972
1996-01-03,12.62762661140506
1996-01-04,12.124532232893273
1996-01-05,11.822679426710485
1996-01-08,11.872987570882845
1996-01-09,12.074220190744033
1996-01-10,11.67175006866455
1996-01-11,11.865261509887173
1996-01-12,11.916185290126478
1996-01-15,12.018027895972843
1996-01-16,11.865253408246906
1996-01-17,12.068954837322234
1996-01-18,12.221730336421677
1996-01-19,12.11987540911431
1996-01-22,12.170796414467855
1996-01-23,11.967101076987221
1996-01-24,12.119880765171374
1996-01-25,12.018031635690242
1996-01-26,11.967109158887702
1996-01-29,11.967101076987221
1996-01-30,12.068948745727539
1996-01-31,12.119878697395324
1996-02-01,12.170802557468415
1996-02-02,12.221720248838015
1996-02-05,12.01803483081465
1996-02-06,12.068954837322234
1996-02-07,12.221733912948736
1996-02-08,12.323576560974121
1996-02-09,12.578197902248752
1996-02-12,12.680043651580812
1996-02-13,12.62911555278732
1996-02-14,12.680035149178853
1996-02-15,12.221729512117347
1996-02-16,12.578187477297899
1996-02-20,12.221729512117347
1996-02-21,12.425420197398074
1996-02-22,12.680045658542264
1996-02-23,12.680039348830265
1996-02-26,12.730958985119331
1996-02-27,12.476348975067767
1996-02-28,12.42542500398597
1996-02-29,12.42542500398597
1996-03-01,12.578187477297899
1996-03-04,12.527267903934124
1996-03-05,12.527267790410624
1996-03-06,12.781887170274247
1996-03-07,12.629111313238376
1996-03-08,12.272644083208172
1996-03-11,12.018033117310614
1996-03-12,11.8143368596616
1996-03-13,11.763412993887197
1996-03-14,11.763418070748129
1996-03-15,11.916189734004599
1996-03-18,12.06895245753878
1996-03-19,12.323570794141443
1996-03-20,12.272654212823435
1996-03-21,12.119882583618164
1996-03-22,12.221726276835456
1996-03-25,12.578187477297899
1996-03-26,12.476339805416943
1996-03-27,12.425425101700142
1996-03-28,12.3744978552959
1996-03-29,12.476339805416943
1996-04-01,12.578191757202148
1996-04-02,12.578187477297899
1996-04-03,12.476344050666098
1996-04-04,12.578187477297899
1996-04-08,12.272647857666016
1996-04-09,12.323573995809086
1996-04-10,12.425421857833863
1996-04-11,12.15990128742267
1996-04-12,12.10836442713999
1996-04-15,12.314467722944205
1996-04-16,12.365996797206039
1996-04-17,12.314476858667968
1996-04-18,12.36600607879891
1996-04-19,12.520564394515928
1996-04-22,12.314476858667968
1996-04-23,12.262951850891113
1996-04-24,12.36600186644482
1996-04-25,12.36598952544783
1996-04-26,12.262947336832683
1996-04-29,12.262942753392135
1996-04-30,12.36600607879891
1996-05-01,12.365992692496272
1996-05-02,12.417523227888962
1996-05-03,12.005321238464091
1996-05-06,11.953796953093017
1996-05-07,11.850746286895884
1996-05-08,11.85073965209446
1996-05-09,12.211420745037971
1996-05-10,12.211422348022461
1996-05-13,12.262942753392135
1996-05-14,12.36600607879891
1996-05-15,12.36600607879891
1996-05-16,12.365997314453125
1996-05-17,12.417523627418548
1996-05-20,12.572106180112225
1996-05-21,12.469056129455566
1996-05-22,12.469047796530802
1996-05-23,12.572098610332473
1996-05-24,12.572097778320312
1996-05-28,12.57209726969401
1996-05-29,12.469048621723191
1996-05-30,12.469046978074676
1996-05-31,12.572098610332473
1996-06-03,12.469048621723191
1996-06-04,12.62361841163172
1996-06-05,12.726673492431642
1996-06-06,12.984298461914063
1996-06-07,12.520577015415315
1996-06-10,12.778197741899334
1996-06-11,12.623621940612793
1996-06-12,12.623622769215068
1996-06-13,12.520572787425557
1996-06-14,12.520581154783896
1996-06-17,12.572106180112225
1996-06-18,12.469047796530802
1996-06-19,12.469056129455566
1996-06-20,12.469042631600407
1996-06-21,12.520573616027832
1996-06-24,12.572102023709206
1996-06-25,12.778193186938278
1996-06-26,12.623622258504232
1996-06-27,12.36600607879891
1996-06-28,12.469051881998528
1996-07-01,12.314473638809266
1996-07-02,12.520572787425557
1996-07-03,12.520568465414318
1996-07-05,12.469042631600407
1996-07-08,12.314472325642905
1996-07-09,12.365998633113907
1996-07-10,12.520581154783896
1996-07-11,12.458622851614225
1996-07-12,12.250110335269216
1996-07-15,12.302238298499066
1996-07-16,12.041595458984375
1996-07-17,12.145854949951172
1996-07-18,12.250107765197754
1996-07-19,12.302235883347532
1996-07-22,12.197982206182965
1996-07-23,12.354367481280805
1996-07-24,11.98946932442168
1996-07-25,12.197979815594563
1996-07-26,12.041598684286354
1996-07-29,12.1458516967245
1996-07-30,12.041597078586445
1996-07-31,12.041598684286354
1996-08-01,12.09372341074842
1996-08-02,12.406501446873689
1996-08-05,12.510749816894531
1996-08-06,12.458621692657472
1996-08-07,12.5107577615533
1996-08-08,12.510741485212638
1996-08-09,12.458629604213494
1996-08-12,12.615006065368654
1996-08-13,12.510750980700477
1996-08-14,12.354362349292549
1996-08-15,12.562878410183654
1996-08-16,13.032033396702188
1996-08-19,13.240540906786919
1996-08-20,13.344806377704327
1996-08-21,13.501177787780762
1996-08-22,13.605446506092568
1996-08-23,13.553309589624405
1996-08-26,13.34480219822304
1996-08-27,13.240540906786919
1996-08-28,13.344797809764104
1996-08-29,13.344799901185771
1996-08-30,13.136289230346678
1996-09-03,12.927772762268546
1996-09-04,13.240540906786919
1996-09-05,13.240541056981161
1996-09-06,13.240540906786919
1996-09-09,13.501190827443049
1996-09-10,13.501190211026724
1996-09-11,13.605446506092568
1996-09-12,13.657574653625488
1996-09-13,13.761820399628252
1996-09-16,14.02246324250619
1996-09-17,14.074593447567372
1996-09-18,13.866080952047856
1996-09-19,13.918209075927734
1996-09-20,13.970330238342285
1996-09-23,13.813952828167976
1996-09-24,13.81395149230957
1996-09-25,13.866084098815918
1996-09-26,13.866076614776953
1996-09-27,13.970330238342285
1996-09-30,13.970337199807613
1996-10-01,13.918209075927734
1996-10-02,14.0224609375
1996-10-03,14.0224609375
1996-10-04,14.12672437399303
1996-10-07,14.439486371240582
1996-10-08,14.647997705198877
1996-10-09,14.4916162877945
1996-10-10,14.0719074641957
1996-10-11,14.54624735699953
1996-10-14,14.598950386047363
1996-10-15,14.598950386047363
1996-10-16,14.546246787479946
1996-10-17,14.704358165604727
1996-10-18,14.809762954711914
1996-10-21,14.967870027761425
1996-10-22,15.020576477050781
1996-10-23,14.915164091217687
1996-10-24,14.967874302982858
1996-10-25,14.809768730866994
1996-10-28,14.862460331178047
1996-10-29,15.020576477050781
1996-10-30,15.020576557079394
1996-10-31,15.178691048457704
1996-11-01,15.336796401685122
1996-11-04,15.125987260095005
1996-11-05,15.284104589688576
1996-11-06,15.600324971786398
1996-11-07,15.863843974688194
1996-11-08,15.86384194691976
1996-11-11,15.705723588531082
1996-11-12,15.60032744326834
1996-11-13,15.494911193847656
1996-11-14,15.389495836935962
1996-11-15,16.23277057875071
1996-11-18,15.916545740763347
1996-11-19,15.916538587582655
1996-11-20,16.180063247680664
1996-11-21,16.074644088745117
1996-11-22,16.074652196510044
1996-11-25,16.285467386245728
1996-11-26,16.390875021108805
1996-11-27,16.54898635571757
1996-11-29,16.496284702156164
1996-12-02,16.548986275990803
1996-12-03,16.3908748626709
1996-12-04,16.28547082584145
1996-12-05,16.12735925222698
1996-12-06,15.178690088857518
1996-12-09,16.021951880439484
1996-12-10,16.12735966097924
1996-12-11,16.02195167541504
1996-12-12,16.02194621111896
1996-12-13,15.547620888912316
1996-12-16,15.60032744326834
1996-12-17,15.54760657763872
1996-12-18,16.07464462419681
1996-12-19,15.916542571725197
1996-12-20,16.443578799311727
1996-12-23,16.49628241805785
1996-12-24,16.285467307283948
1996-12-26,16.390874942143757
1996-12-27,16.443578720092773
1996-12-30,16.443582262311665
1996-12-31,16.232755882795466
1997-01-02,15.811142678988181
1997-01-03,15.653014601267056
1997-01-06,15.863829612731934
1997-01-07,15.758431724195825
1997-01-08,15.916544098603097
1997-01-09,16.070901750330115
1997-01-10,15.804826858059673
1997-01-13,15.96447784121674
1997-01-14,16.177341978011594
1997-01-15,16.390195740938964
1997-01-16,16.336984540901934
1997-01-17,16.070912096577306
1997-01-20,16.496631622314453
1997-01-21,15.964476978436066
1997-01-22,16.709488108188292
1997-01-23,16.869132103858057
1997-01-24,16.336980607079678
1997-01-27,16.17733974082797
1997-01-28,16.443410448168144
1997-01-29,16.230554951047434
1997-01-30,16.549843506243242
1997-01-31,16.922348022460938
1997-02-03,17.028772467022
1997-02-04,16.97556124329567
1997-02-05,17.13520229494089
1997-02-06,17.135200968549295
1997-02-07,17.401284081595286
1997-02-10,17.826997319016932
1997-02-11,17.61413230439146
1997-02-12,17.773788633800688
1997-02-13,17.880217626390266
1997-02-14,18.46556841017883
1997-02-18,18.305931745256697
1997-02-19,18.465576498849053
1997-02-20,18.465568143267966
1997-02-21,18.359138355698697
1997-02-24,18.1462830401015
1997-02-25,18.412353909118128
1997-02-26,18.465583624356036
1997-02-27,18.252714157104492
1997-02-28,18.14628567215959
1997-03-03,17.826998289893655
1997-03-04,18.30594037634886
1997-03-05,18.252708831963513
1997-03-06,18.46556841017883
1997-03-07,18.41236252638623
1997-03-10,19.104156494140625
1997-03-11,19.05094709850493
1997-03-12,18.944509051062845
1997-03-13,18.572013230351676
1997-03-14,18.518798562754753
1997-03-17,18.199502624241653
1997-03-18,18.093066415387
1997-03-19,17.720565056314275
1997-03-20,18.199508122035436
1997-03-21,18.039857970967013
1997-03-24,18.14628524454231
1997-03-25,18.678434371948242
1997-03-26,18.518798562754753
1997-03-27,18.518801100710608
1997-03-31,17.614140349626542
1997-04-01,16.762699873551078
1997-04-02,17.08198474702381
1997-04-03,16.656267623420018
1997-04-04,16.709488298907967
1997-04-07,17.028772467022
1997-04-08,17.081989606221516
1997-04-09,17.454494159405048
1997-04-10,17.18315652331466
1997-04-11,16.860973069542332
1997-04-14,16.324010049143144
1997-04-15,16.914666197307625
1997-04-16,16.64618913943951
1997-04-17,16.699884829048912
1997-04-18,16.807271491292973
1997-04-21,16.753589260962702
1997-04-22,16.699876285877888
1997-04-23,16.96836355031495
1997-04-24,16.8609688443003
1997-04-25,16.753589260962702
1997-04-28,16.64618953777726
1997-04-29,17.183163092003106
1997-04-30,17.23685440828735
1997-05-01,17.559037939902463
1997-05-02,17.505348285039265
1997-05-05,17.9349185752306
1997-05-06,18.3645065616321
1997-05-07,18.686687716315774
1997-05-08,17.8275269207969
1997-05-09,17.720135148749296
1997-05-12,17.881220319377842
1997-05-13,18.09601337181594
1997-05-14,18.096009752643642
1997-05-15,17.881227286465197
1997-05-16,17.773829550553536
1997-05-19,17.559037939902463
1997-05-20,17.505337913951124
1997-05-21,17.8812255859375
1997-05-22,17.881221214226915
1997-05-23,18.203404609547103
1997-05-27,18.257101827592994
1997-05-28,17.881220319377842
1997-05-29,17.98861411402953
1997-05-30,17.612733527795594
1997-06-02,18.042316002760106
1997-06-03,17.82752966039321
1997-06-04,18.310801799480732
1997-06-05,18.25710274125271
1997-06-06,18.203417204691867
1997-06-09,18.310801799480732
1997-06-10,18.04231917437385
1997-06-11,18.2571147896393
1997-06-12,18.418197631835938
1997-06-13,18.579285809117504
1997-06-16,18.84777853163806
1997-06-17,18.74038399110097
1997-06-18,18.90148070947129
1997-06-19,19.16996299376231
1997-06-20,18.955173281106084
1997-06-23,18.901471192809357
1997-06-24,18.659846832983604
1997-06-25,18.98201723482417
1997-06-26,18.60613480002381
1997-06-27,18.498740082563355
1997-06-30,18.57928969331844
1997-07-01,18.04231917437385
1997-07-02,18.445037866215277
1997-07-03,19.062568243096976
1997-07-07,19.06257407737086
1997-07-08,18.686678401402062
1997-07-09,18.90148257384726
1997-07-10,18.682816405045358
1997-07-11,18.520344556764115
1997-07-14,18.65573366253362
1997-07-15,18.736954793114226
1997-07-16,18.466202018583886
1997-07-17,18.73696120790098
1997-07-18,18.249584616125524
1997-07-21,17.92466783876772
1997-07-22,18.276665521704633
1997-07-23,18.926497666612804
1997-07-24,18.926500422518018
1997-07-25,19.224343892544677
1997-07-28,19.359725038770218
1997-07-29,19.2784942498728
1997-07-30,19.440952619787765
1997-07-31,19.76586380942923
1997-08-01,19.711726085378483
1997-08-04,18.95357056312453
1997-08-05,19.06188311509683
1997-08-06,19.332647623109423
1997-08-07,19.765879179019635
1997-08-08,18.872346580115547
1997-08-11,18.628655563701283
1997-08-12,18.953575564257672
1997-08-13,18.8452735554596
1997-08-14,18.601581205938853
1997-08-15,18.412036501904154
1997-08-18,18.33081320483954
1997-08-19,18.439121981432837
1997-08-20,18.547416290326677
1997-08-21,18.953571512799186
1997-08-22,18.412045807817616
1997-08-25,18.60157623066291
1997-08-26,18.466197967529297
1997-08-27,18.357895146245543
1997-08-28,18.65573372379426
1997-08-29,18.357891760809572
1997-09-02,18.953564486892724
1997-09-03,19.820026111602782
1997-09-04,19.440953953885966
1997-09-05,19.684641118169164
1997-09-08,19.440946072948222
1997-09-09,19.792939217194267
1997-09-10,19.82002566410945
1997-09-11,19.49510555771362
1997-09-12,19.549260829607213
1997-09-15,19.792939217194267
1997-09-16,19.982485388207625
1997-09-17,20.659403240557797
1997-09-18,20.984314894064877
1997-09-19,21.119692426074966
1997-09-22,21.119702818430014
1997-09-23,21.28216517701441
1997-09-24,21.22800366365457
1997-09-25,21.228010669197005
1997-09-26,21.01139253029083
1997-09-29,21.200927128369294
1997-09-30,21.282155050358302
1997-10-01,21.173858992907466
1997-10-02,21.146770850105813
1997-10-03,21.580000657118514
1997-10-06,21.931995968166873
1997-10-07,22.419363607138074
1997-10-08,22.419371817875835
1997-10-09,22.153906968923717
1997-10-10,22.48131123434734
1997-10-13,22.481306925307226
1997-10-14,22.61771500469258
1997-10-15,22.42674043187207
1997-10-16,22.699566433741968
1997-10-17,21.717381149120115
1997-10-20,21.82651491657229
1997-10-21,22.099349637633388
1997-10-22,22.29033033951469
1997-10-23,21.662817187775346
1997-10-24,22.017495335825267
1997-10-27,21.3626943246602
1997-10-28,18.770805896729154
1997-10-29,20.898890937726524
1997-10-30,20.844331764190713
1997-10-31,20.57150381991738
1997-11-03,20.953452413396317
1997-11-04,21.199006692020728
1997-11-05,20.898894271948777
1997-11-06,21.199005735837495
1997-11-07,20.953458351958712
1997-11-10,21.089882726694608
1997-11-11,20.571487002341165
1997-11-12,20.46235530607162
1997-11-13,20.29866210207996
1997-11-14,20.544211806351047
1997-11-17,21.062582658261668
1997-11-18,21.17171894857592
1997-11-19,21.66282019902566
1997-11-20,22.18119606971741
1997-11-21,23.10882296562195
1997-11-24,22.808698964673418
1997-11-25,22.263046337482752
1997-11-26,22.863276861095095
1997-11-28,23.681767595492726
1997-12-01,23.68178036029522
1997-12-02,24.773083390571937
1997-12-03,24.663965072135344
1997-12-04,25.155054733742794
1997-12-05,24.66396727203041
1997-12-08,25.400605455636654
1997-12-09,24.991363872181285
1997-12-10,25.10050289511421
1997-12-11,24.827658529500013
1997-12-12,25.045924980205726
1997-12-15,24.582117823118804
1997-12-16,25.427893193838653
1997-12-17,25.37333003405867
1997-12-18,25.045924980205726
1997-12-19,24.336558881197167
1997-12-22,24.33656140736171
1997-12-23,24.336571894931254
1997-12-24,24.200162693754905
1997-12-26,23.70905175340285
1997-12-29,23.9000301233074
1997-12-30,24.500266595995335
1997-12-31,24.500252075697798
1998-01-02,24.66395653430744
1998-01-05,24.5821130259937
1998-01-06,24.44569808717758
1998-01-07,23.90003423845685
1998-01-08,23.4089384283826
1998-01-09,22.535885882231355
1998-01-12,21.71738257484766
1998-01-13,22.1811963018543
1998-01-14,23.03542422683987
1998-01-15,23.14537438092387
1998-01-16,23.14537907674641
1998-01-20,22.952953761972505
1998-01-21,23.035422855985875
1998-01-22,22.375688847373514
1998-01-23,22.458154373929982
1998-01-26,22.155779756204655
1998-01-27,21.96335899902642
1998-01-28,22.45815206585508
1998-01-29,22.67807411665582
1998-01-30,23.0079232302579
1998-02-02,23.09039247330844
1998-02-03,23.11788678577036
1998-02-04,24.2174347705994
1998-02-05,24.02501474404526
1998-02-06,24.13497277983415
1998-02-09,24.49231801837649
1998-02-10,24.1899356842041
1998-02-11,24.18994126737592
1998-02-12,24.05249199550812
1998-02-13,23.915059505929573
1998-02-17,23.860072059544056
1998-02-18,24.02501671163885
1998-02-19,24.29989348565799
1998-02-20,24.24491015625
1998-02-23,24.05249379401983
1998-02-24,23.585191225675942
1998-02-25,23.915050337914707
1998-02-26,24.189949938785936
1998-02-27,24.299902486371565
1998-03-02,24.602272308021277
1998-03-03,23.832595195834486
1998-03-04,24.492310465730693
1998-03-05,23.970027750973248
1998-03-06,24.437334867300965
1998-03-09,25.014598707948185
1998-03-10,25.069582379450562
1998-03-11,25.261998978807178
1998-03-12,25.619349343436102
1998-03-13,25.949193679645497
1998-03-16,26.33404057847019
1998-03-17,26.49897886242434
1998-03-18,26.389024451779424
1998-03-19,26.334048080834787
1998-03-20,27.0762458911612
1998-03-23,26.55394654273987
1998-03-24,26.553952446341142
1998-03-25,26.52647361473695
1998-03-26,25.784282523876236
1998-03-27,26.306568078934006
1998-03-30,25.89423942565918
1998-03-31,25.949207516730887
1998-04-01,26.3890319632886
1998-04-02,26.306569832870643
1998-04-03,26.663903299703637
1998-04-06,26.581452612017024
1998-04-07,26.828846522739955
1998-04-08,26.828848449833398
1998-04-09,26.781939890730843
1998-04-13,27.722605884939
1998-04-14,28.690974482302536
1998-04-15,28.552650848565072
1998-04-16,29.548657303764706
1998-04-17,27.86096875368051
1998-04-20,27.52895243313848
1998-04-21,27.14161191075485
1998-04-22,27.888617496566468
1998-04-23,27.445945500604303
1998-04-24,27.33530137366855
1998-04-27,26.560596760122426
1998-04-28,26.56059710047415
1998-04-29,25.73057201032811
1998-04-30,26.28392847765318
1998-05-01,27.2246188194521
1998-05-04,27.722619066413213
1998-05-05,26.892606735229492
1998-05-06,26.78192323048909
1998-05-07,26.560604388897236
1998-05-08,25.86890118462699
1998-05-11,26.394595445905413
1998-05-12,26.173241198563776
1998-05-13,26.339260864257813
1998-05-14,26.034920881569132
1998-05-15,26.228595320586184
1998-05-18,25.951921041431344
1998-05-19,26.007258464128544
1998-05-20,26.228591918945312
1998-05-21,26.173241198563776
1998-05-22,26.449932670996507
1998-05-26,26.28392987235783
1998-05-27,25.426247656149943
1998-05-28,25.370912438469965
1998-05-29,25.675242436396612
1998-06-01,25.647574645293602
1998-06-02,25.896587747923085
1998-06-03,25.619909857863373
1998-06-04,25.011232097025623
1998-06-05,25.343234493084076
1998-06-08,26.11792472677028
1998-06-09,25.896582399169134
1998-06-10,25.56457992257743
1998-06-11,25.67524079903544
1998-06-12,24.78989994633305
1998-06-15,24.319541214267325
1998-06-16,24.37489543766736
1998-06-17,24.347223161577105
1998-06-18,24.568538394216766
1998-06-19,24.09821122552483
1998-06-22,24.291879203341423
1998-06-23,24.236558924936254
1998-06-24,24.48554587632083
1998-06-25,24.706885812002852
1998-06-26,24.762232647285806
1998-06-29,24.651568495568725
1998-06-30,24.513218045511266
1998-07-01,24.208881306891264
1998-07-02,24.402560890384667
1998-07-06,24.845238806378894
1998-07-07,26.117934780870463
1998-07-08,25.50924851391107
1998-07-09,25.958610740201227
1998-07-10,25.791489152826813
1998-07-13,25.986457213377342
1998-07-14,25.958604455501472
1998-07-15,26.18142248476343
1998-07-16,25.84719936383037
1998-07-17,26.264972857066564
1998-07-20,26.348540754399746
1998-07-21,25.847191697175283
1998-07-22,25.457259270182828
1998-07-23,25.401548868815105
1998-07-24,25.095183923723454
1998-07-27,24.760942108154296
1998-07-28,24.39885612884698
1998-07-29,24.287447579299347
1998-07-30,24.28744923626935
1998-07-31,24.176034646680705
1998-08-03,23.61899051940042
1998-08-04,23.396160572841577
1998-08-05,22.3934777338702
1998-08-06,21.975689814090728
1998-08-07,22.2820619993572
1998-08-10,21.7250000492219
1998-08-11,21.223668193817137
1998-08-12,21.167959136765493
1998-08-13,21.669317947666578
1998-08-14,21.72500550901735
1998-08-17,21.335076986144788
1998-08-18,21.780720844921504
1998-08-19,22.504879614319464
1998-08-20,22.226359575644306
1998-08-21,21.140106033685168
1998-08-24,21.362919741706204
1998-08-25,21.75287031561215
1998-08-26,21.00084959997869
1998-08-27,20.388084314910458
1998-08-28,20.27668731689453
1998-08-31,19.886743817218516
1998-09-01,18.828338482562273
1998-09-02,19.66392210220993
1998-09-03,19.998148276100697
1998-09-04,19.942459338981283
1998-09-08,19.83103388379432
1998-09-09,20.16527028050916
1998-09-10,18.967608598775644
1998-09-11,18.9397566170528
1998-09-14,20.666617755232185
1998-09-15,20.889439129277797
1998-09-16,21.697154408525627
1998-09-17,20.72232460283667
1998-09-18,21.084408026667717
1998-09-21,20.332381297220252
1998-09-22,21.362916715068202
1998-09-23,22.114943108622857
1998-09-24,22.504882447365247
1998-09-25,21.502192471675947
1998-09-28,21.78072160950506
1998-09-29,21.557900665283203
1998-09-30,20.49949713812934
1998-10-01,19.496804054337318
1998-10-02,19.52465406084985
1998-10-05,19.886748866897694
1998-10-06,19.886739925808378
1998-10-07,18.716932030810767
1998-10-08,18.255867149518885
1998-10-09,18.902845160905706
1998-10-12,20.140537386414007
1998-10-13,19.634204964335627
1998-10-14,20.393688956573406
1998-10-15,20.590595366539766
1998-10-16,22.700284319765426
1998-10-19,22.897191028205715
1998-10-20,23.150353811384644
1998-10-21,23.99423210795333
1998-10-22,22.27835697418545
1998-10-23,23.375385712174808
1998-10-26,23.065975399836443
1998-10-27,23.009705651617168
1998-10-28,22.306489274112977
1998-10-29,22.33460687033495
1998-10-30,22.44713278770447
1998-11-02,22.55964056963991
1998-11-03,22.897194610027054
1998-11-04,22.728414589086587
1998-11-05,22.925324662716804
1998-11-06,23.37539584345097
1998-11-09,22.953454308610773
1998-11-10,22.5033822371133
1998-11-11,22.41899299621582
1998-11-12,22.503376970387468
1998-11-13,22.390861730028565
1998-11-16,22.503378623144286
1998-11-17,22.531514597827606
1998-11-18,22.672151447991904
1998-11-19,22.475253756453352
1998-11-20,23.628556361565224
1998-11-23,23.8535816742737
1998-11-24,23.85359403671319
1998-11-25,23.712954642067494
1998-11-27,23.85358897553393
1998-11-30,23.741068882797702
1998-12-01,22.925326040977442
1998-12-02,22.953446516753935
1998-12-03,23.516030692363962
1998-12-04,23.375395383332908
1998-12-07,23.93797632416278
1998-12-08,23.853590231675366
1998-12-09,23.403513799099063
1998-12-10,23.347256487491084
1998-12-11,22.840935623436646
1998-12-14,22.053322901180135
1998-12-15,22.531515810290724
1998-12-16,22.58777097527763
1998-12-17,22.615895832684025
1998-12-18,23.994231446584067
1998-12-21,23.51603715946442
1998-12-22,23.516044398975712
1998-12-23,23.68481237238104
1998-12-24,24.02236781873201
1998-12-28,23.966104854033674
1998-12-29,23.96610228146865
1998-12-30,24.191133499145508
1998-12-31,24.191146294275917
1999-01-04,24.416180069749903
1999-01-05,23.684813581839116
1999-01-06,23.96610468084162
1999-01-07,23.966117279551852
1999-01-08,24.191146294275917
1999-01-11,24.33179747278445
1999-01-12,23.853590231675366
1999-01-13,22.909047247853216
1999-01-14,23.249286318006625
1999-01-15,22.22857234415334
1999-01-19,22.653868226301277
1999-01-20,22.228573155556955
1999-01-21,21.88835194104613
1999-01-22,21.519765703696905
1999-01-25,21.74658157279988
1999-01-26,22.795633641918702
1999-01-27,22.68222072837031
1999-01-28,22.51210549869893
1999-01-29,22.852338276212176
1999-02-01,23.10752359155106
1999-02-02,22.597164113419993
1999-02-03,22.625529901305242
1999-02-04,22.795635743574664
1999-02-05,22.512121808772182
1999-02-08,22.14352617520882
1999-02-09,22.08682145346494
1999-02-10,21.774932861328125
1999-02-11,21.888343267465064
1999-02-12,22.228580562659847
1999-02-16,22.256930856848484
1999-02-17,22.398699726335217
1999-02-18,23.47610121435428
1999-02-19,23.39103938323524
1999-02-22,22.909054753855415
1999-02-23,23.589511625522075
1999-02-24,23.702929575165356
1999-02-25,22.767289548306852
1999-02-26,23.58952897565276
1999-03-01,23.362695213702086
1999-03-02,23.58950424194336
1999-03-03,23.589511625522075
1999-03-04,23.759645942750016
1999-03-05,24.496804597304376
1999-03-08,24.7803303119547
1999-03-09,24.72362814913975
1999-03-10,25.177269920936
1999-03-11,25.85774758380392
1999-03-12,25.97114392143442
1999-03-15,25.97115027739471
1999-03-16,26.651619055123724
1999-03-17,26.424801465095577
1999-03-18,25.85773873630958
1999-03-19,26.878448206130006
1999-03-22,26.906787999336615
1999-03-23,26.368082761764526
1999-03-24,25.74432594900523
1999-03-25,25.545852224032085
1999-03-26,25.801029931524432
1999-03-29,25.375745217531723
1999-03-30,25.347383499145508
1999-03-31,25.375734560937527
1999-04-01,25.092211205618725
1999-04-05,24.95045683699656
1999-04-06,24.837032200940236
1999-04-07,25.007144858934222
1999-04-08,24.950438774956595
1999-04-09,25.517493899505915
1999-04-12,25.474518431300353
1999-04-13,26.302730711646703
1999-04-14,26.159936299531356
1999-04-15,26.302729856275914
1999-04-16,26.159942626953125
1999-04-19,26.50264743236785
1999-04-20,26.731116020073326
1999-04-21,27.302286880124132
1999-04-22,27.04526192573324
1999-04-23,26.616880481526003
1999-04-26,26.845350570516036
1999-04-27,26.902465045452118
1999-04-28,27.33085921168708
1999-04-29,26.75967741824211
1999-04-30,26.50264771298765
1999-05-03,26.445518277726084
1999-05-04,27.07381600218934
1999-05-05,26.33129119873047
1999-05-06,25.93146958815313
1999-05-07,25.845787752366668
1999-05-10,25.817242662731417
1999-05-11,25.931465300336036
1999-05-12,25.788664472730535
1999-05-13,26.102823946995162
1999-05-14,26.616879968328792
1999-05-17,25.87434476216634
1999-05-18,25.760122136552205
1999-05-19,25.988587735796077
1999-05-20,26.616873517905752
1999-05-21,26.5312066006094
1999-05-24,26.159948249943348
1999-05-25,25.73156055169446
1999-05-26,25.246047833265163
1999-05-27,26.2741762346926
1999-05-28,25.81723595498431
1999-06-01,25.81722334811562
1999-06-02,25.988573214926472
1999-06-03,25.931477511216045
1999-06-04,25.931460465942514
1999-06-07,26.359852995771043
1999-06-08,26.58832437585291
1999-06-09,26.388411695400272
1999-06-10,26.274172817827196
1999-06-11,25.617320969145176
1999-06-14,25.44597164435046
1999-06-15,25.64586815924215
1999-06-16,25.788682608841533
1999-06-17,25.988583004992943
1999-06-18,26.159928845892274
1999-06-21,26.15994828322838
1999-06-22,26.27416742828501
1999-06-23,26.388415029920672
1999-06-24,25.70300572050792
1999-06-25,25.331736716454337
1999-06-28,25.47452767189969
1999-06-29,25.702987846575287
1999-06-30,25.93146682044172
1999-07-01,26.274166991924133
1999-07-02,26.359843623419536
1999-07-06,26.388411660230798
1999-07-07,26.30273549963537
1999-07-08,26.37534106103449
1999-07-09,26.26030034821322
1999-07-12,26.490407288272078
1999-07-13,25.94390964831336
1999-07-14,25.685045692382673
1999-07-15,25.22483894962999
1999-07-16,25.339885177264726
1999-07-19,25.54122365199895
1999-07-20,25.282369545068637
1999-07-21,25.62752158641815
1999-07-22,25.31113483087663
1999-07-23,25.282369780540467
1999-07-26,25.196081594402873
1999-07-27,25.828858992883138
1999-07-28,25.713808396032878
1999-07-29,25.5987425667899
1999-07-30,25.16731528243838
1999-08-02,24.47701620307949
1999-08-03,24.735875224509435
1999-08-04,24.505777022417856
1999-08-05,24.390717323936713
1999-08-06,23.90174973712248
1999-08-09,23.4127930674943
1999-08-10,23.556602940559387
1999-08-11,23.240228017171223
1999-08-12,23.096412210041667
1999-08-13,23.355260645518687
1999-08-16,24.419486657224834
1999-08-17,24.620833732463694
1999-08-18,24.73588114586946
1999-08-19,24.448238003928704
1999-08-20,24.39072849439538
1999-08-23,24.592050443376813
1999-08-24,25.167319178581238
1999-08-25,24.50577471502896
1999-08-26,25.023503965647105
1999-08-27,24.592049391083723
1999-08-30,24.64958713119706
1999-08-31,24.218150249376375
1999-09-01,23.930526876003942
1999-09-02,24.160625565219934
1999-09-03,25.19607198102599
1999-09-07,25.02349800717047
1999-09-08,24.620830535888672
1999-09-09,24.620827618767233
1999-09-10,24.67834209558277
1999-09-13,24.44825206004398
1999-09-14,24.275663823031923
1999-09-15,24.333206300107307
1999-09-16,24.103105058498727
1999-09-17,23.700422571836263
1999-09-20,24.16062427168133
1999-09-21,23.240219246468893
1999-09-22,23.47032022131495
1999-09-23,23.93051511027753
1999-09-24,23.47031715447954
1999-09-27,24.045576002991314
1999-09-28,23.729180081762077
1999-09-29,23.7579494957785
1999-09-30,23.815470413805325
1999-10-01,23.757933362325033
1999-10-04,24.189381406931453
1999-10-05,24.908457060840643
1999-10-06,24.620827673773313
1999-10-07,25.196081225444814
1999-10-08,24.678352863162587
1999-10-11,25.656277574690158
1999-10-12,25.685036056978262
1999-10-13,24.856952846617926
1999-10-14,24.131844296506053
1999-10-15,24.363889599790667
1999-10-18,23.464751347001776
1999-10-19,24.24787717931411
1999-10-20,24.653942571210035
1999-10-21,25.001982350288365
1999-10-22,25.031000084051207
1999-10-25,25.93013404447324
1999-10-26,26.33621376348297
1999-10-27,25.669096364901858
1999-10-28,27.264339038162152
1999-10-29,27.873442515887056
1999-11-01,27.583394199920846
1999-11-02,27.873453381417814
1999-11-03,27.81543319653242
1999-11-04,27.20634679684694
1999-11-05,27.96046002966459
1999-11-08,28.250499848396547
1999-11-09,28.77258364492269
1999-11-10,27.612407741505788
1999-11-11,27.090307387485296
1999-11-12,27.090328365840577
1999-11-15,27.98946971500043
1999-11-16,28.076478536011745
1999-11-17,28.192493366745285
1999-11-18,27.670412695370263
1999-11-19,27.554405212402344
1999-11-22,27.380353505124326
1999-11-23,26.974311328325115
1999-11-24,26.220185617561597
1999-11-26,26.046156554095514
1999-11-29,26.249174940476724
1999-11-30,25.060005359050937
1999-12-01,25.524067396528267
1999-12-02,25.727107193916353
1999-12-03,25.64010579507726
1999-12-06,25.52407478323181
1999-12-07,22.971663773059845
1999-12-08,22.04352378845215
1999-12-09,22.04351469758269
1999-12-10,22.5075938439494
1999-12-13,22.10152900655856
1999-12-14,22.246564126046454
1999-12-15,21.86949735398821
1999-12-16,21.289403987485308
1999-12-17,19.955195285962976
1999-12-20,20.12921247060561
1999-12-21,20.39024691296439
1999-12-22,20.361254817417688
1999-12-23,20.361251181744514
1999-12-27,20.5642836009357
1999-12-28,20.41925178322799
1999-12-29,20.506272826828326
1999-12-30,20.680297222883343
1999-12-31,20.680299335651185
2000-01-03,20.41926124855324
2000-01-04,19.54913288081458
2000-01-05,18.94001751149263
2000-01-06,18.96903298067492
2000-01-07,19.955187261883164
2000-01-10,20.419258840460525
2000-01-11,19.259078399750962
2000-01-12,19.354840857642035
2000-01-13,20.41056488578349
2000-01-14,22.17008225548076
2000-01-18,21.935488185752817
2000-01-19,21.554264515843887
2000-01-20,21.348970998417247
2000-01-21,20.674497734787117
2000-01-24,20.645172514332284
2000-01-25,20.498546324384975
2000-01-26,20.586512854485097
2000-01-27,21.34897555309127
2000-01-28,21.70088406804472
2000-01-31,21.524937147895493
2000-02-01,22.521997323307968
2000-02-02,22.521996187876507
2000-02-03,21.818199996109847
2000-02-04,21.407621792957794
2000-02-07,20.90908445244808
2000-02-08,20.82111705192746
2000-02-09,21.055731417608598
2000-02-10,20.762467268445306
2000-02-11,20.029329605555322
2000-02-14,19.765396347275008
2000-02-15,19.501467898272086
2000-02-16,20.20528083472025
2000-02-17,20.234606480170154
2000-02-18,19.237541770935056
2000-02-22,18.5923805961126
2000-02-23,18.563057223067116
2000-02-24,18.328449835902767
2000-02-25,17.947218289803033
2000-02-28,17.888562744140625
2000-02-29,18.416420204766542
2000-03-01,18.1231783897646
2000-03-02,18.152494338547683
2000-03-03,18.533726014065323
2000-03-06,18.29912034331775
2000-03-07,17.888559864570578
2000-03-08,17.331379083236328
2000-03-09,17.272729777001047
2000-03-10,17.47800627694106
2000-03-13,17.30204575792306
2000-03-14,17.390028051515117
2000-03-15,17.3607084274292
2000-03-16,20.410552490404154
2000-03-17,20.586519364123692
2000-03-20,20.557185012908075
2000-03-21,19.79472256111458
2000-03-22,20.821119066395354
2000-03-23,20.79179294612132
2000-03-24,21.43696239602977
2000-03-27,21.260996602667777
2000-03-28,20.351914754203076
2000-03-29,20.90908445244808
2000-03-30,21.348967014561296
2000-03-31,21.114372221672916
2000-04-03,21.37829524168553
2000-04-04,22.2287434102404
2000-04-05,21.583566783710882
2000-04-06,21.348976072546552
2000-04-07,21.40763367517038
2000-04-10,20.73315510383019
2000-04-11,21.34896809787036
2000-04-12,21.79335140898489
2000-04-13,22.53361494700114
2000-04-14,21.556467748887044
2000-04-17,21.1715323335669
2000-04-18,20.608935977413445
2000-04-19,21.31959555489676
2000-04-20,20.964274175116355
2000-04-24,21.260358398729334
2000-04-25,21.911791048551862
2000-04-26,22.50401831892586
2000-04-27,21.349182731925943
2000-04-28,21.0827012594928
2000-05-01,20.372055422700146
2000-05-02,20.81621907755386
2000-05-03,20.54971263475376
2000-05-04,20.105553396816912
2000-05-05,19.4837321577401
2000-05-08,19.72061688303085
2000-05-09,20.372050380845202
2000-05-10,20.490502989569375
2000-05-11,20.786608703997956
2000-05-12,21.023469603522706
2000-05-15,21.438016891479492
2000-05-16,21.497235316752057
2000-05-17,20.845829811416753
2000-05-18,21.141921678307938
2000-05-19,21.31960085605053
2000-05-22,20.9938663268709
2000-05-23,21.79334687809202
2000-05-24,22.918559350562372
2000-05-25,22.563236403750235
2000-05-26,22.385574834312845
2000-05-30,23.155459456707366
2000-05-31,23.56998229828451
2000-06-01,23.925315723396935
2000-06-02,27.24168608673906
2000-06-05,26.53104365637543
2000-06-06,25.82038728019438
2000-06-07,25.405844239627612
2000-06-08,25.8203952029879
2000-06-09,25.672342478200125
2000-06-12,25.70194571358817
2000-06-13,26.057279408656928
2000-06-14,26.057286443859674
2000-06-15,25.583502938814252
2000-06-16,25.109738412871046
2000-06-19,24.221411601105846
2000-06-20,24.606366072505352
2000-06-21,24.458315716976184
2000-06-22,24.635965613162877
2000-06-23,24.51752760124673
2000-06-26,24.22142219543457
2000-06-27,24.162193326701907
2000-06-28,23.954915795860934
2000-06-29,23.866102601065855
2000-06-30,23.27387825012207
2000-07-03,22.740891676682693
2000-07-05,23.1258298890953
2000-07-06,23.303493114875803
2000-07-07,23.27388059962246
2000-07-10,24.073367214905836
2000-07-11,24.10298486506983
2000-07-12,24.2271363580911
2000-07-13,24.34662496557041
2000-07-14,24.137513889985925
2000-07-17,24.316739882382908
2000-07-18,24.137510299682617
2000-07-19,24.107640157057528
2000-07-20,24.257006139380145
2000-07-21,25.183074107755495
2000-07-24,25.06358316854794
2000-07-25,25.571427492934415
2000-07-26,25.541548602552297
2000-07-27,24.94409069418907
2000-07-28,24.854469158205532
2000-07-31,24.495996198724473
2000-08-01,24.436256531599312
2000-08-02,25.27269027053669
2000-08-03,24.944085648789027
2000-08-04,26.676725517901836
2000-08-07,27.48329203793091
2000-08-08,27.54305298986106
2000-08-09,27.961282719836937
2000-08-10,27.782044284021943
2000-08-11,28.05089595526266
2000-08-14,27.961288145032977
2000-08-15,28.20026260019614
2000-08-16,28.140505333977778
2000-08-17,27.60278461200887
2000-08-18,27.54305755162998
2000-08-21,27.124826760991137
2000-08-22,27.30406494624519
2000-08-23,27.90153612932757
2000-08-24,27.901517717840857
2000-08-25,27.692421793297463
2000-08-28,27.69241342197394
2000-08-29,27.90153329414234
2000-08-30,27.24430852106088
2000-08-31,27.75216581990161
2000-09-01,28.618497909125633
2000-09-05,28.11063801323348
2000-09-06,28.61848258972168
2000-09-07,28.52887617439783
2000-09-08,28.439244916866986
2000-09-11,29.036713515754148
2000-09-12,29.604299809234313
2000-09-13,29.60430267784983
2000-09-14,30.201768018722532
2000-09-15,30.08227556614788
2000-09-18,29.215949141902964
2000-09-19,28.17038739960769
2000-09-20,28.469122300814444
2000-09-21,27.60281194642533
2000-09-22,26.7364873683199
2000-09-25,28.2002521546419
2000-09-26,28.94709458717933
2000-09-27,29.574437211472887
2000-09-28,30.410875584875235
2000-09-29,31.30707382789025
2000-10-02,31.127846192010274
2000-10-03,32.203256494858685
2000-10-04,31.93439292907715
2000-10-05,31.78503437785359
2000-10-06,32.14353407159602
2000-10-09,31.068091521391995
2000-10-10,30.94860693620002
2000-10-11,30.042533087413815
2000-10-12,29.470577507471702
2000-10-13,27.90523773894018
2000-10-16,29.38026707179539
2000-10-17,30.012437421913702
2000-10-18,27.935336091556653
2000-10-19,28.47718515854897
2000-10-20,29.289964693582142
2000-10-23,28.868527323746484
2000-10-24,29.199651588956673
2000-10-25,30.343570861816406
2000-10-26,30.22315615992392
2000-10-27,29.86192991747386
2000-10-30,31.126230897021895
2000-10-31,32.240025522107274
2000-11-01,32.02930640104775
2000-11-02,32.20993308705152
2000-11-03,32.270138614615796
2000-11-06,32.480863672489335
2000-11-07,32.02930830480454
2000-11-08,32.08952525146025
2000-11-09,31.90890292804034
2000-11-10,32.571168012273674
2000-11-13,32.20993154295716
2000-11-14,32.029317880978915
2000-11-15,31.427263441363582
2000-11-16,31.005830914073726
2000-11-17,30.825207173582996
2000-11-20,29.62110166371979
2000-11-21,29.259860690874543
2000-11-22,29.982326401814376
2000-11-24,30.403758991421675
2000-11-27,30.825213521221787
2000-11-28,30.885418874263298
2000-11-29,30.825198078966007
2000-11-30,31.87880604249194
2000-12-01,31.999209527987595
2000-12-04,31.547674281780537
2000-12-05,31.336961368701008
2000-12-06,31.999215421309838
2000-12-07,30.825193405151367
2000-12-08,31.066016219760748
2000-12-11,31.84869813360106
2000-12-12,32.992601447149156
2000-12-13,32.87218576454254
2000-12-14,31.969113150678968
2000-12-15,32.33035776917364
2000-12-18,32.51096176912413
2000-12-19,34.19672081596845
2000-12-20,34.55795944491781
2000-12-21,34.91917971237001
2000-12-22,35.52124412692323
2000-12-26,35.40083553916529
2000-12-27,36.0028763977257
2000-12-28,35.52125492095947
2000-12-29,35.70185205281749
2001-01-02,35.16000409193442
2001-01-03,34.07631428598742
2001-01-04,35.52124381865431
2001-01-05,35.762058466367755
2001-01-08,35.310505936543144
2001-01-09,34.67837410177139
2001-01-10,33.76558152988213
2001-01-11,34.614267600651154
2001-01-12,34.49302109990801
2001-01-16,33.947438443644664
2001-01-17,35.88729339883374
2001-01-18,35.76606651319375
2001-01-19,34.97798308792648
2001-01-22,33.947438443644664
2001-01-23,35.038605640067566
2001-01-24,35.31140709899798
2001-01-25,35.40234235461539
2001-01-26,35.67511493564153
2001-01-29,36.03762305026277
2001-01-30,35.940647774403836
2001-01-31,36.10552231734106
2001-02-01,35.887275027071965
2001-02-02,35.843633552805606
2001-02-05,35.98428233512787
2001-02-06,35.88729476928711
2001-02-07,35.79027804142246
2001-02-08,35.80968690662253
2001-02-09,35.36352657289052
2001-02-12,35.62055225059044
2001-02-13,36.32375497530244
2001-02-14,35.98427921860265
2001-02-15,35.499321302767825
2001-02-16,34.9658559678258
2001-02-20,35.829100639326036
2001-02-21,34.28691916691193
2001-02-22,33.947439364940756
2001-02-23,33.38488486729901
2001-02-26,33.70495392173849
2001-02-27,33.86014979218948
2001-02-28,34.55850049106843
2001-03-01,33.68070594199318
2001-03-02,33.94744076047897
2001-03-05,33.908644020818336
2001-03-06,33.58371297869351
2001-03-07,33.31698665604214
2001-03-08,33.57887585514635
2001-03-09,33.404276532155386
2001-03-12,32.80293901440585
2001-03-13,31.086160104002268
2001-03-14,31.086152480490124
2001-03-15,31.061894902092554
2001-03-16,30.940677642822266
2001-03-19,30.940659295143217
2001-03-20,31.35287667534704
2001-03-21,30.5526837517912
2001-03-22,29.14629361616492
2001-03-23,28.370356550444818
2001-03-26,30.09681522481855
2001-03-27,30.727278752799688
2001-03-28,31.12009520467162
2001-03-29,31.522617182972084
2001-03-30,31.88149238166887
2001-04-02,32.25006514329176
2001-04-03,32.97752144935049
2001-04-04,32.565295883248574
2001-04-05,31.862100830650064
2001-04-06,32.613792777229875
2001-04-09,32.25006866455078
2001-04-10,32.508969726545246
2001-04-11,32.7776444556027
2001-04-12,32.56269468771051
2001-04-16,32.90952260993191
2001-04-17,32.36242403095666
2001-04-18,32.60666138515202
2001-04-19,32.36241692841333
2001-04-20,33.583646024197044
2001-04-23,33.021868032708404
2001-04-24,32.56269573832291
2001-04-25,32.157256003068014
2001-04-26,31.99603841897149
2001-04-27,31.385435917639892
2001-04-30,32.142598134732005
2001-05-01,31.63945805051403
2001-05-02,32.02046869500052
2001-05-03,30.970224282452598
2001-05-04,30.48173387104201
2001-05-07,31.580845100705073
2001-05-08,31.190042350516602
2001-05-09,31.1167756174732
2001-05-10,31.38542699876211
2001-05-11,31.06792769462387
2001-05-14,30.975107720458862
2001-05-15,31.238894095652995
2001-05-16,31.214480182451574
2001-05-17,32.728775590689715
2001-05-18,32.621317376184244
2001-05-21,32.57736635157757
2001-05-22,32.73366308001957
2001-05-23,33.7057657625336
2001-05-24,33.656916522028695
2001-05-25,33.80346734055222
2001-05-29,33.68132923668118
2001-05-30,33.705762249174796
2001-05-31,33.720401219396585
2001-06-01,33.6324817332264
2001-06-04,34.199157476592255
2001-06-05,34.677851471124846
2001-06-06,34.34081130518401
2001-06-07,34.20891166959799
2001-06-08,33.82788442230514
2001-06-11,33.60806009564978
2001-06-12,33.60806710309848
2001-06-13,33.65691524849211
2001-06-14,33.33938835575739
2001-06-15,32.240295903125755
2001-06-18,32.6359625849338
2001-06-19,32.880211735513996
2001-06-20,32.611557670031004
2001-06-21,32.723883030551576
2001-06-22,33.827879481290644
2001-06-25,33.31498398075003
2001-06-26,32.41127060541055
2001-06-27,32.39661244608355
2001-06-28,32.24029661076121
2001-06-29,31.99604443324987
2001-07-02,32.14258569587473
2001-07-03,32.240301603302434
2001-07-05,31.996061641518097
2001-07-06,31.873926381979153
2001-07-09,31.385437998594004
2001-07-10,31.33659353292048
2001-07-11,30.716388439208547
2001-07-12,31.011742230907995
2001-07-13,31.31694653353071
2001-07-16,31.84856851512942
2001-07-17,30.37183668070462
2001-07-18,30.578572513441607
2001-07-19,31.55321218449747
2001-07-20,30.741017494163394
2001-07-23,31.01175769206347
2001-07-24,31.13480982541125
2001-07-25,31.03636174126701
2001-07-26,31.134793187581355
2001-07-27,31.32185701484041
2001-07-30,31.89778726596679
2001-07-31,32.02085920947429
2001-08-01,32.6558553049838
2001-08-02,32.882290926153935
2001-08-03,32.95613541333792
2001-08-06,32.78876847543052
2001-08-07,33.17765844076016
2001-08-08,32.956130023989125
2001-08-09,32.93152079833103
2001-08-10,33.089053293989615
2001-08-13,33.22687739356155
2001-08-14,33.669892443540654
2001-08-15,33.522223047147556
2001-08-16,33.55175831123369
2001-08-17,33.300702709035285
2001-08-20,33.251493830275805
2001-08-21,33.719112378996535
2001-08-22,34.03909128579021
2001-08-23,34.35903500345015
2001-08-24,34.30982294587072
2001-08-27,33.62068067092914
2001-08-28,33.251475898897624
2001-08-29,32.98075802142803
2001-08-30,31.94701004251401
2001-08-31,32.444185339975824
2001-09-04,31.873189595887343
2001-09-05,31.627075333040413
2001-09-06,31.149578190979852
2001-09-07,29.805732328689796
2001-09-10,29.288884013669787
2001-09-17,27.073745874823626
2001-09-18,28.15669797091175
2001-09-19,28.20592485136508
2001-09-20,27.56599437069041
2001-09-21,25.2278155097504
2001-09-24,26.335378185849986
2001-09-25,26.926068562961174
2001-09-26,27.344481056143803
2001-09-27,27.12297446709559
2001-09-28,27.802291125051248
2001-10-01,28.09762885619531
2001-10-02,28.245290680367102
2001-10-03,28.52588160385194
2001-10-04,29.096890026102713
2001-10-05,28.673560633753972
2001-10-08,27.48231556603599
2001-10-09,26.876844751747573
2001-10-10,26.753778189141517
2001-10-11,27.454033520854193
2001-10-12,27.67753885138337
2001-10-15,27.389490802517127
2001-10-16,27.44411740509561
2001-10-17,27.786784531653645
2001-10-18,26.843180536818323
2001-10-19,26.396198660128675
2001-10-22,26.19754699392056
2001-10-23,27.06666281413206
2001-10-24,27.588123449913393
2001-10-25,28.059941716352917
2001-10-26,28.680734634399414
2001-10-29,28.68073938088119
2001-10-30,28.03510767806966
2001-10-31,28.184107585994322
2001-11-01,27.27027823965129
2001-11-02,27.58812544888922
2001-11-05,27.722215662750983
2001-11-06,28.119537685646318
2001-11-07,28.73039147558786
2001-11-08,28.97870892422364
2001-11-09,29.425677660874328
2001-11-12,29.192265528988063
2001-11-13,29.05320563128557
2001-11-14,29.8478230126307
2001-11-15,29.599505998210837
2001-11-16,28.482076154919714
2001-11-19,27.662625530796806
2001-11-20,28.074829949953077
2001-11-21,27.91095768582222
2001-11-23,27.836454575087703
2001-11-26,28.258597615733514
2001-11-27,28.442349172608402
2001-11-28,28.367849431198497
2001-11-29,27.791752306353853
2001-11-30,28.308257058588683
2001-12-03,28.357916536730873
2001-12-04,28.1344239826037
2001-12-05,28.506902685545818
2001-12-06,28.909198528901292
2001-12-07,29.092937490608684
2001-12-10,29.003547821534703
2001-12-11,28.904216196478245
2001-12-12,28.655904063402993
2001-12-13,28.184106024727367
2001-12-14,27.687448142889654
2001-12-17,27.414297109561076
2001-12-18,27.82651782033397
2001-12-19,27.81161443568899
2001-12-20,28.253634206952118
2001-12-21,28.407574773368697
2001-12-24,27.811622618792356
2001-12-26,27.612967755750915
2001-12-27,27.59310235861323
2001-12-28,27.63780400332662
2001-12-31,27.910953521728516
2002-01-02,27.662626630630616
2002-01-03,27.74209224006547
2002-01-04,29.450514030251412
2002-01-07,30.04646983849503
2002-01-08,30.225270134880326
2002-01-09,30.232624540911633
2002-01-10,29.887201409571645
2002-01-11,30.21261926305977
2002-01-14,29.93725584287154
2002-01-15,29.9372581616295
2002-01-16,30.402832880735556
2002-01-17,30.31272671713073
2002-01-18,30.502956810069417
2002-01-22,30.848394532991307
2002-01-23,30.538030451650844
2002-01-24,30.888450894334603
2002-01-25,31.2789341363823
2002-01-28,31.16379194818325
2002-01-29,30.78832358579808
2002-01-30,27.834648246294634
2002-01-31,28.16004938893504
2002-02-01,28.91098047777183
2002-02-04,28.660676443844437
2002-02-05,26.928507907399975
2002-02-06,27.08370018005371
2002-02-07,27.033656833995096
2002-02-08,27.123755460566215
2002-02-11,27.88470860923873
2002-02-12,28.295214597502103
2002-02-13,28.785833982251326
2002-02-14,28.83588087161765
2002-02-15,28.535521194477816
2002-02-19,28.034895624779885
2002-02-20,27.65942824147581
2002-02-21,27.534276268502317
2002-02-22,27.03364372253418
2002-02-25,27.033641918285475
2002-02-26,27.73452568054199
2002-02-27,27.834636577311826
2002-02-28,27.93477438947674
2002-03-01,27.50422811666803
2002-03-04,28.16004016224789
2002-03-05,28.6656791705139
2002-03-06,28.535516075821906
2002-03-07,29.41159978281314
2002-03-08,29.33651869587471
2002-03-11,29.086194925741662
2002-03-12,29.311476838666376
2002-03-13,29.837135937057855
2002-03-14,29.98733231375186
2002-03-15,30.678181576495337
2002-03-18,30.988564046815238
2002-03-19,31.108715825162452
2002-03-20,31.013611330934133
2002-03-21,30.62813234584956
2002-03-22,30.69821354245584
2002-03-25,30.698205302408503
2002-03-26,30.362788287480136
2002-03-27,30.71323315377066
2002-03-28,31.13876725270554
2002-04-01,30.783319715236757
2002-04-02,30.13750052116751
2002-04-03,30.18256324413935
2002-04-04,29.737019849760618
2002-04-05,29.872181446961836
2002-04-08,29.74202535168038
2002-04-09,29.817106775860047
2002-04-10,29.96227802545257
2002-04-11,30.078356442805713
2002-04-12,29.477791751245828
2002-04-15,29.523232580707887
2002-04-16,28.942865799476834
2002-04-17,29.725107383353215
2002-04-18,29.63929371381164
2002-04-19,29.260798035665637
2002-04-22,29.37184994263098
2002-04-23,28.968095127726873
2002-04-24,28.942845759961415
2002-04-25,28.89238494759235
2002-04-26,28.61482642277494
2002-04-29,28.12529718124275
2002-04-30,27.696317393948448
2002-05-01,27.817439732504667
2002-05-02,27.756869715488577
2002-05-03,28.261548929033523
2002-05-06,28.05463598953041
2002-05-07,27.782121658325195
2002-05-08,28.039497854150387
2002-05-09,28.26156425791335
2002-05-10,28.11014845834879
2002-05-13,27.580248606327604
2002-05-14,27.90827763271555
2002-05-15,28.513891928819092
2002-05-16,28.33725015492839
2002-05-17,28.640056362234752
2002-05-20,28.544165111383347
2002-05-21,28.160604335742814
2002-05-22,28.079877448421414
2002-05-23,27.958759903734027
2002-05-24,28.20099826295524
2002-05-28,28.00416323160536
2002-05-29,27.903240671230098
2002-05-30,27.983986976681546
2002-05-31,28.08491853027941
2002-06-03,28.28677660250961
2002-06-04,27.93350289397391
2002-06-05,27.605481750879367
2002-06-06,27.731631845942754
2002-06-07,27.18155184039802
2002-06-10,27.30268040960091
2002-06-11,27.489413678591596
2002-06-12,27.161363193282305
2002-06-13,26.898940458838528
2002-06-14,26.45482745895899
2002-06-17,27.050336020774925
2002-06-18,27.519678935110676
2002-06-19,27.605477630487044
2002-06-20,27.075578426794003
2002-06-21,26.520435523306656
2002-06-24,26.485105465764555
2002-06-25,26.545675204850156
2002-06-26,25.53632266510035
2002-06-27,25.94007085599769
2002-06-28,26.091475875383786
2002-07-01,26.414463325308564
2002-07-02,25.93502477064487
2002-07-03,25.021573759950513
2002-07-05,24.98120464446097
2002-07-08,25.879515169114924
2002-07-09,25.82398629544982
2002-07-10,25.277255697380017
2002-07-11,23.738211214039612
2002-07-12,24.314083910916356
2002-07-15,24.07966710501447
2002-07-16,24.028685474032855
2002-07-17,24.22744596756328
2002-07-18,19.56949461658277
2002-07-19,19.493061382993854
2002-07-22,18.881507263735386
2002-07-23,18.95796013612562
2002-07-24,17.989659576217523
2002-07-25,19.65104041855118
2002-07-26,20.104590583052218
2002-07-29,20.38489098941833
2002-07-30,21.404136251415725
2002-07-31,21.506063920034958
2002-08-01,21.480584095644936
2002-08-02,21.06779140532912
2002-08-05,20.711049690422552
2002-08-06,20.135185378847634
2002-08-07,20.945475905109184
2002-08-08,21.607987238468397
2002-08-09,22.066640858209183
2002-08-12,21.913749044238624
2002-08-13,22.04117573787326
2002-08-14,21.5570227792728
2002-08-15,22.423385513734793
2002-08-16,22.49982261657715
2002-08-19,22.499826707613853
2002-08-20,22.73426009321481
2002-08-21,22.887140259268694
2002-08-22,23.284645294190238
2002-08-23,23.651572990491996
2002-08-26,23.977736085912206
2002-08-27,24.446581834071573
2002-08-28,24.324269444998233
2002-08-29,22.938095028261504
2002-08-30,22.938112961806365
2002-09-03,23.060404218488777
2002-09-04,22.550792482148164
2002-09-05,22.856558735634938
2002-09-06,23.289752013872203
2002-09-09,23.264269421427592
2002-09-10,23.952244850985387
2002-09-11,23.697436697105445
2002-09-12,23.473204048140417
2002-09-13,22.6781969654253
2002-09-16,22.729154047678247
2002-09-17,22.95849379452067
2002-09-18,21.73029818612955
2002-09-19,21.404140346945784
2002-09-20,21.103457218303294
2002-09-23,21.373553366021458
2002-09-24,21.251257838635734
2002-09-25,21.14931975652433
2002-09-26,22.071739165900734
2002-09-27,22.061555487364597
2002-09-30,21.332794359360975
2002-10-01,21.50096359251694
2002-10-02,22.51512017340767
2002-10-03,21.042313561877275
2002-10-04,19.477760428749335
2002-10-07,19.24333765435914
2002-10-08,18.728616551289893
2002-10-09,19.147708919565364
2002-10-10,18.631608748702284
2002-10-11,20.128328480954295
2002-10-14,20.386378898268617
2002-10-15,21.237963885624275
2002-10-16,21.315382696389232
2002-10-17,20.205748606593133
2002-10-18,18.97740192225234
2002-10-21,19.478026975272996
2002-10-22,19.973500240283762
2002-10-23,20.133487989386712
2002-10-24,21.160542990979984
2002-10-25,20.52574375342495
2002-10-28,20.79926864003339
2002-10-29,21.057328496334563
2002-10-30,20.845711793279488
2002-10-31,21.145058598217933
2002-11-01,20.85604351426361
2002-11-04,21.39796273017589
2002-11-05,21.49601806163661
2002-11-06,21.6302101722561
2002-11-07,21.17603441917621
2002-11-08,20.463799903329438
2002-11-11,20.26250749519667
2002-11-12,20.272832831890742
2002-11-13,20.35541137012105
2002-11-14,20.690891011079543
2002-11-15,20.91797300530443
2002-11-18,21.114095745216122
2002-11-19,20.35540842851095
2002-11-20,20.649585340358474
2002-11-21,21.594075874412507
2002-11-22,21.96568321133503
2002-11-25,21.748912563581424
2002-11-26,21.656015096972748
2002-11-27,21.434087472821243
2002-11-29,21.8469716659606
2002-12-02,22.012133332242247
2002-12-03,21.594081047265178
2002-12-04,21.37214723229364
2002-12-05,21.599239484648475
2002-12-06,21.057326074708758
2002-12-09,21.18635032976463
2002-12-10,20.9128115752882
2002-12-11,21.41344030974751
2002-12-12,21.465052200453144
2002-12-13,21.279255672669454
2002-12-16,21.046995537653277
2002-12-17,21.650855323424732
2002-12-18,21.2637801777249
2002-12-19,20.876689391618743
2002-12-20,20.995399857726127
2002-12-23,21.52698477081341
2002-12-24,21.444409685174755
2002-12-26,21.444401921877926
2002-12-27,21.542461672420743
2002-12-30,21.237949944043162
2002-12-31,21.625045776367188
2003-01-02,21.867614527553883
2003-01-03,22.425025591226895
2003-01-06,22.734689379882422
2003-01-07,23.359180048798073
2003-01-08,23.410791214865565
2003-01-09,23.474442759301603
2003-01-10,23.21360987879212
2003-01-13,23.448358186686356
2003-01-14,23.151011294897582
2003-01-15,23.396190032772306
2003-01-16,23.474445054592067
2003-01-17,23.291871583410124
2003-01-21,23.813540545871653
2003-01-22,23.265783995487435
2003-01-23,23.171875394532446
2003-01-24,23.48487080597859
2003-01-27,22.603280429841217
2003-01-28,22.73368946892522
2003-01-29,22.676319490667208
2003-01-30,23.06233453150744
2003-01-31,22.77020328156287
2003-02-03,22.978864439506037
2003-02-04,23.093639364594882
2003-02-05,22.864110351598935
2003-02-06,22.462439670775534
2003-02-07,22.37374785744232
2003-02-10,22.587632992214164
2003-02-11,22.472876317017786
2003-02-12,22.09205133948131
2003-02-13,21.935569775398065
2003-02-14,22.024249978254886
2003-02-18,22.676309815964018
2003-02-19,22.9423530226558
2003-02-20,23.130151876490974
2003-02-21,23.20318484692608
2003-02-24,23.344029507394563
2003-02-25,22.848454675578388
2003-02-26,22.999741418124056
2003-02-27,22.926704203211195
2003-02-28,23.39619775591096
2003-03-03,23.60485263156178
2003-03-04,23.23969577748927
2003-03-05,23.05712214199365
2003-03-06,23.484884445191256
2003-03-07,23.140574572789603
2003-03-10,23.620503336704946
2003-03-11,22.718048094092612
2003-03-12,22.30070921953987
2003-03-13,22.431132556573157
2003-03-14,22.7858600984939
2003-03-17,22.264205408023106
2003-03-18,23.07276342833655
2003-03-19,22.98409093376186
2003-03-20,23.109287033005742
2003-03-21,23.464007699673274
2003-03-24,23.69353601716178
2003-03-25,22.937132441848597
2003-03-26,22.973652972468514
2003-03-27,22.62413891456204
2003-03-28,22.5302568392093
2003-03-31,21.726908106311257
2003-04-01,22.185948729079698
2003-04-02,22.691959131160132
2003-04-03,22.905835987072603
2003-04-04,22.624151509211163
2003-04-07,23.13536105342914
2003-04-08,22.671098605476168
2003-04-09,22.823067962964082
2003-04-10,22.3905480667511
2003-04-11,22.812529093073987
2003-04-14,22.6753865593369
2003-04-15,23.266131056588204
2003-04-16,23.41910538448187
2003-04-17,22.939116106347228
2003-04-21,22.944381713867188
2003-04-22,22.87582365995876
2003-04-23,23.250317901488188
2003-04-24,23.44547015259228
2003-04-25,23.055157812087018
2003-04-28,23.03933835712553
2003-04-29,23.165911379457263
2003-04-30,22.98658457779453
2003-05-01,23.092066630231574
2003-05-02,22.907460081598614
2003-05-05,23.2977730918895
2003-05-06,23.366347454388805
2003-05-07,23.550973668665776
2003-05-08,23.18174561043118
2003-05-09,23.40854256988671
2003-05-12,23.63007674649074
2003-05-13,24.05204746986773
2003-05-14,24.859050332957555
2003-05-15,24.632248904473037
2003-05-16,24.84323475440381
2003-05-19,25.06476404838589
2003-05-20,24.263027485710836
2003-05-21,24.210292133051393
2003-05-22,24.790477132448064
2003-05-23,24.86960773776659
2003-05-27,25.180809233034754
2003-05-28,25.254637861968753
2003-05-29,25.317945624451006
2003-05-30,25.344321010186516
2003-06-02,26.151327853419264
2003-06-03,25.845406783924933
2003-06-04,25.618591063254584
2003-06-05,26.293735851019484
2003-06-06,26.277909374714323
2003-06-09,25.528928518230376
2003-06-10,25.233546043703353
2003-06-11,25.391787888268937
2003-06-12,26.003639408667592
2003-06-13,26.124956370969304
2003-06-16,25.89814646573536
2003-06-17,26.299008886961303
2003-06-18,26.045841848259386
2003-06-19,25.650247414741134
2003-06-20,25.317928982764176
2003-06-23,25.660784927214642
2003-06-24,25.317937156825167
2003-06-25,25.571125310894722
2003-06-26,25.238816207663053
2003-06-27,25.739906525561995
2003-06-30,25.84540773688734
2003-07-01,25.581665001601166
2003-07-02,25.903419009735945
2003-07-03,25.78209860612515
2003-07-07,25.84539422744624
2003-07-08,26.003632966656973
2003-07-09,26.346740360732376
2003-07-10,26.053823310780956
2003-07-11,25.766221813562872
2003-07-14,25.97925773302535
2003-07-15,26.256203588029223
2003-07-16,25.75024193143751
2003-07-17,25.521239642929537
2003-07-18,25.292236587193372
2003-07-21,25.553183302270554
2003-07-22,25.627765219872433
2003-07-23,26.016540812595537
2003-07-24,26.282832015591318
2003-07-25,26.202940609143912
2003-07-28,26.61302884214098
2003-07-29,26.405321968001473
2003-07-30,26.410655917393676
2003-07-31,26.426621357399235
2003-08-01,26.096417692518727
2003-08-04,25.830129425775016
2003-08-05,25.723622721063432
2003-08-06,25.22299970002169
2003-08-07,25.34017020649304
2003-08-08,25.56917733827415
2003-08-11,25.63309266341395
2003-08-12,25.617091846765646
2003-08-13,26.04315656061844
2003-08-14,25.856752386388557
2003-08-15,25.840797603150584
2003-08-18,25.718295394963068
2003-08-19,25.883389913680126
2003-08-20,25.82481726100582
2003-08-21,25.85144672289744
2003-08-22,25.654383836068337
2003-08-25,25.057897484847338
2003-08-26,25.137785908562638
2003-08-27,25.164410668472144
2003-08-28,25.137793210300487
2003-08-29,25.233654261171637
2003-09-02,25.366781150331008
2003-09-03,25.6277573312544
2003-09-04,25.61709492224852
2003-09-05,25.723618042155366
2003-09-08,25.787536675996222
2003-09-09,25.856756307383623
2003-09-10,25.830125093460083
2003-09-11,25.66502962533045
2003-09-12,25.617108728789624
2003-09-15,25.723620922613375
2003-09-16,25.627744163046373
2003-09-17,25.56383555266076
2003-09-18,25.382774166567035
2003-09-19,25.95795709960108
2003-09-22,25.830139942404404
2003-09-23,25.606454670740835
2003-09-24,25.53721864599581
2003-09-25,25.451996883538524
2003-09-26,25.127131933607934
2003-09-29,25.457327198583425
2003-09-30,25.377448452367215
2003-10-01,25.43070421629106
2003-10-02,26.005887833429757
2003-10-03,25.88873041386217
2003-10-06,25.98990625124946
2003-10-07,26.24555782624473
2003-10-08,26.447941539117956
2003-10-09,26.711546814187244
2003-10-10,26.49634278387731
2003-10-13,26.523260870279163
2003-10-14,26.899843614917547
2003-10-15,26.97516992139652
2003-10-16,26.4748352469681
2003-10-17,26.770727645230544
2003-10-20,26.89984950277134
2003-10-21,27.098911982478405
2003-10-22,27.416312842092747
2003-10-23,27.319490700236074
2003-10-24,27.41632957797319
2003-10-27,27.696092149958908
2003-10-28,28.460043991112997
2003-10-29,28.648342132568356
2003-10-30,28.729023974495924
2003-10-31,28.766702444323037
2003-11-03,28.863545015893333
2003-11-04,29.13253770038166
2003-11-05,28.944236439236548
2003-11-06,29.21323098826423
2003-11-07,29.622114771225
2003-11-10,29.509130378289985
2003-11-11,29.218624713182855
2003-11-12,29.363879676889027
2003-11-13,29.26703140868669
2003-11-14,29.38539128009904
2003-11-17,29.057216524483085
2003-11-18,28.901195032621512
2003-11-19,28.298633724995195
2003-11-20,28.729042716843633
2003-11-21,28.675241781541178
2003-11-24,28.637581594645532
2003-11-25,28.928103291353494
2003-11-26,29.24552165123213
2003-11-28,29.218606857162623
2003-12-01,29.29393468982717
2003-12-02,29.498380936034295
2003-12-03,29.111025526103912
2003-12-04,28.825872813832152
2003-12-05,28.73979164143354
2003-12-08,28.34706110438478
2003-12-09,28.696748833715706
2003-12-10,28.49230934247388
2003-12-11,28.443883914980162
2003-12-12,28.77207358515363
2003-12-15,28.777464076088837
2003-12-16,28.099582025424326
2003-12-17,28.62144175648353
2003-12-18,28.675235991321024
2003-12-19,28.36858830788009
2003-12-22,28.777463494428115
2003-12-23,28.917324646562687
2003-12-24,29.01955257377811
2003-12-26,29.019556773237394
2003-12-29,29.051834978465216
2003-12-30,29.288553570977058
2003-12-31,29.498369552748727
2004-01-02,29.444578348001944
2004-01-05,29.374633676647598
2004-01-06,28.917343457023538
2004-01-07,29.019561067845164
2004-01-08,29.057216114674105
2004-01-09,28.987282557280448
2004-01-12,29.16561987384464
2004-01-13,29.046157253624663
2004-01-14,28.834379961517996
2004-01-15,29.594604193798112
2004-01-16,29.719501660753608
2004-01-20,29.817243702892213
2004-01-21,29.589176849123678
2004-01-22,29.93127138436304
2004-01-23,29.925850794816974
2004-01-26,30.007298726056742
2004-01-27,30.42542003897792
2004-01-28,30.468865042940404
2004-01-29,30.544899986555478
2004-01-30,30.38198706696859
2004-02-02,30.65891415126075
2004-02-03,30.729526079685765
2004-02-04,30.19735604816596
2004-02-05,30.36026298135525
2004-02-06,30.49060849520378
2004-02-09,30.72408632632206
2004-02-10,30.648073974835718
2004-02-11,30.76210955443734
2004-02-12,31.1476397168137
2004-02-13,30.984737436187622
2004-02-17,31.321415969450968
2004-02-18,31.087901983985393
2004-02-19,30.876132315631512
2004-02-20,30.642636569837492
2004-02-23,30.843548248794853
2004-02-24,31.196521082740805
2004-02-25,31.033616254687857
2004-02-26,31.006447240360547
2004-02-27,30.848977220846788
2004-03-01,31.837278911555643
2004-03-02,31.63095114220018
2004-03-03,31.440884636061725
2004-03-04,31.495172474455785
2004-03-05,31.554917319202872
2004-03-08,31.766685783573475
2004-03-09,31.804684554160566
2004-03-10,31.77754516214263
2004-03-11,31.229081165202306
2004-03-12,30.7349600198564
2004-03-15,30.914150973233117
2004-03-16,30.734942342856623
2004-03-17,30.859837712588387
2004-03-18,31.158515874401353
2004-03-19,30.886992005430894
2004-03-22,30.27338347547885
2004-03-23,30.197349139572484
2004-03-24,30.153904311900007
2004-03-25,30.105050623410627
2004-03-26,30.16477899490747
2004-03-29,30.121332187489806
2004-03-30,30.289675524109978
2004-03-31,30.2570964625696
2004-04-01,30.061593852927647
2004-04-02,30.240790050029503
2004-04-05,29.811816909206
2004-04-06,29.70321855284244
2004-04-07,29.969289695640427
2004-04-08,30.00729429789929
2004-04-12,29.94886389679751
2004-04-13,30.003678611229933
2004-04-14,29.03916164894095
2004-04-15,28.480185109651856
2004-04-16,28.46923022379801
2004-04-19,28.387024568614653
2004-04-20,28.134953045538982
2004-04-21,27.943139344875867
2004-04-22,28.233578548645383
2004-04-23,28.710353328425008
2004-04-26,28.91861099275613
2004-04-27,28.907649993896484
2004-04-28,28.891201292771026
2004-04-29,28.524028961468726
2004-04-30,28.989850282092235
2004-05-03,29.07204714991746
2004-05-04,29.614579284989812
2004-05-05,29.921457452683363
2004-05-06,29.78446886800474
2004-05-07,29.53785896624416
2004-05-10,28.984371384518592
2004-05-11,28.962445583024273
2004-05-12,28.91860704652218
2004-05-13,29.022736268456665
2004-05-14,29.40634417232109
2004-05-17,29.373454717039056
2004-05-18,29.335081498288467
2004-05-19,29.71322403705376
2004-05-20,29.866672739469095
2004-05-21,30.085867709307102
2004-05-24,30.359871693736483
2004-05-25,30.387275616177956
2004-05-26,30.2941141813442
2004-05-27,30.677731211815853
2004-05-28,30.37081930503871
2004-06-01,30.255740301671402
2004-06-02,30.2886316183759
2004-06-03,30.124245516110737
2004-06-04,30.151619697602666
2004-06-07,30.118743985602503
2004-06-08,30.140666180505544
2004-06-09,30.04202252643657
2004-06-10,29.965315128601016
2004-06-14,29.905027134909776
2004-06-15,29.61458015441895
2004-06-16,29.587183801334756
2004-06-17,29.51046139357323
2004-06-18,29.395374681534012
2004-06-21,29.263856420522213
2004-06-22,29.02820829546598
2004-06-23,29.43374051598613
2004-06-24,29.735138382658885
2004-06-25,29.510452002418596
2004-06-28,29.2748071490721
2004-06-29,29.093956712033805
2004-06-30,28.79255488127694
2004-07-01,29.044647434779577
2004-07-02,28.770634914894423
2004-07-06,28.863809891919622
2004-07-07,28.67748108186257
2004-07-08,28.863808775232577
2004-07-09,28.935048959033388
2004-07-12,29.045328917580356
2004-07-13,29.211298616495302
2004-07-14,28.8793538641183
2004-07-15,28.741043271947063
2004-07-16,28.27633384255275
2004-07-19,27.94437400421341
2004-07-20,27.756269659144
2004-07-21,27.247284768319272
2004-07-22,27.341328888671665
2004-07-23,27.446450856964468
2004-07-26,27.6345488783986
2004-07-27,27.795005798339844
2004-07-28,27.883514200807927
2004-07-29,28.160143579256587
2004-07-30,28.005222929228907
2004-08-02,27.828180888890774
2004-08-03,28.104808210423123
2004-08-04,27.64561280552882
2004-08-05,28.02735357268059
2004-08-06,27.57922027958914
2004-08-09,27.55156095007488
2004-08-10,27.601359147945598
2004-08-11,28.049496237900065
2004-08-12,28.06055158047719
2004-08-13,28.071613234646847
2004-08-16,28.326110861018407
2004-08-17,29.117238772180308
2004-08-18,29.19469728457172
2004-08-19,29.13384689360797
2004-08-20,28.990008648735962
2004-08-23,29.37727004509846
2004-08-24,29.183645999424968
2004-08-25,29.26660846008827
2004-08-26,29.56538485444495
2004-08-27,29.687094825664094
2004-08-30,29.581979468870717
2004-08-31,29.57643853210923
2004-09-01,29.72582538270829
2004-09-02,29.676029693933597
2004-09-03,29.803280500132814
2004-09-07,29.864129762090325
2004-09-08,29.869671359388125
2004-09-09,29.68156548539905
2004-09-10,29.382803209289968
2004-09-13,29.283226979033177
2004-09-14,29.543245156933967
2004-09-15,29.6428335969248
2004-09-16,29.36618975260536
2004-09-17,29.770081850530037
2004-09-20,29.642835255009164
2004-09-21,29.52112193511131
2004-09-22,29.698154125000837
2004-09-23,29.327477976121976
2004-09-24,29.100641799909802
2004-09-27,29.487930992605882
2004-09-28,29.294300241335687
2004-09-29,29.41600771700293
2004-09-30,29.59856012802153
2004-10-01,30.06882830199561
2004-10-04,30.539092355814265
2004-10-05,30.837823952059264
2004-10-06,30.472697804673178
2004-10-07,30.478234812632763
2004-10-08,30.15181694760433
2004-10-11,30.11309254232926
2004-10-12,29.913920313228882
2004-10-13,30.071101446324153
2004-10-14,29.657870788992536
2004-10-15,29.484762346083176
2004-10-18,29.635528340397823
2004-10-19,29.71931364520194
2004-10-20,29.07711339373154
2004-10-21,29.14970997706309
2004-10-22,29.21673733476012
2004-10-25,28.786731777080178
2004-10-26,28.769989481862908
2004-10-27,29.02127446341259
2004-10-28,29.28931547034201
2004-10-29,29.3172305392268
2004-11-01,29.395401938876105
2004-11-02,29.562937927604487
2004-11-03,29.959433602612613
2004-11-04,29.903576322343916
2004-11-05,30.690947666737518
2004-11-08,29.875663693290356
2004-11-09,30.04318433323969
2004-11-10,30.093443666109717
2004-11-11,30.478753846687134
2004-11-12,30.785897138311096
2004-11-15,31.10419313283817
2004-11-16,30.936665650458355
2004-11-17,30.79706701697062
2004-11-18,30.86405967697733
2004-11-19,30.48992811401156
2004-11-22,30.28332171037162
2004-11-23,30.350331425987473
2004-11-24,30.445251086180992
2004-11-26,30.43408662091181
2004-11-29,30.378239824527082
2004-11-30,30.49551667306795
2004-12-01,30.517852234995264
2004-12-02,30.992496714263023
2004-12-03,31.042763571242553
2004-12-06,31.215883614456384
2004-12-07,31.24379305033466
2004-12-08,30.679798691230175
2004-12-09,30.601605727339734
2004-12-10,31.58443250396843
2004-12-13,31.031592831983307
2004-12-14,30.97015885747986
2004-12-15,30.869665099583408
2004-12-16,31.08743738321687
2004-12-17,30.830567455656343
2004-12-20,30.964589429484285
2004-12-21,30.97017346715383
2004-12-22,31.718448989315572
2004-12-23,31.67379105098636
2004-12-27,31.679374350356735
2004-12-28,31.500663949612555
2004-12-29,31.952993283180263
2004-12-30,31.846899945300812
2004-12-31,31.908305809348864
2005-01-03,32.07585678880506
2005-01-04,31.60677768927934
2005-01-05,31.3554953097093
2005-01-06,31.495076748228882
2005-01-07,31.433656443972477
2005-01-10,30.981343445942773
2005-01-11,31.24380647202936
2005-01-12,31.468171609726788
2005-01-13,31.130116981719468
2005-01-14,30.74134344386107
2005-01-18,30.70752729787069
2005-01-19,31.175188634688013
2005-01-20,30.8483964660478
2005-01-21,30.84837190556585
2005-01-24,29.918707207764243
2005-01-25,30.27931290229026
2005-01-26,30.149725760213713
2005-01-27,29.87364251136785
2005-01-28,29.890541245949322
2005-01-31,30.144076151046153
2005-02-01,30.352556230105282
2005-02-02,30.42581112585335
2005-02-03,30.05957257794539
2005-02-04,30.24551783726942
2005-02-07,30.37508196111612
2005-02-08,30.876548599611667
2005-02-09,30.35255458563889
2005-02-10,30.15536820645697
2005-02-11,29.946877632499856
2005-02-14,29.749672596077463
2005-02-15,29.608814698116113
2005-02-16,29.631356750123054
2005-02-17,29.55247536873047
2005-02-18,29.580643909616047
2005-02-22,29.366538869789487
2005-02-23,29.21439194276269
2005-02-24,29.107357140458184
2005-02-25,29.501757413932353
2005-02-28,29.783480672552272
2005-03-01,29.66515737529067
2005-03-02,29.766567593841412
2005-03-03,29.929965960499263
2005-03-04,30.22860952961364
2005-03-07,30.6342848756519
2005-03-08,30.544126370049813
2005-03-09,30.555404181352127
2005-03-10,30.617383979070986
2005-03-11,30.544134773672667
2005-03-14,30.059573728721453
2005-03-15,30.25113401323748
2005-03-16,29.569387172638816
2005-03-17,29.462319592375643
2005-03-18,29.704591285797523
2005-03-21,29.46794709696157
2005-03-22,29.321457554268534
2005-03-23,29.045380135731776
2005-03-24,28.786192378651137
2005-03-28,28.538289554556354
2005-03-29,28.650974956834045
2005-03-30,28.712941270705745
2005-03-31,29.101719820662804
2005-04-01,29.327093614718137
2005-04-04,28.932675972325647
2005-04-05,29.163701410961078
2005-04-06,29.141150644712475
2005-04-07,29.467964987603718
2005-04-08,29.231307309212195
2005-04-11,28.86506757447285
2005-04-12,28.6780876567282
2005-04-13,29.286927817677107
2005-04-14,29.190199651589797
2005-04-15,28.72360798264214
2005-04-18,28.302532222257252
2005-04-19,28.72360214067446
2005-04-20,28.65532774563572
2005-04-21,29.07638619215976
2005-04-22,29.30399087300527
2005-04-25,29.491759096716848
2005-04-26,29.918517198857423
2005-04-27,29.651091112912876
2005-04-28,30.009555026885174
2005-04-29,30.41356055609268
2005-05-02,30.55012783498793
2005-05-03,30.498913954697837
2005-05-04,30.68099155663187
2005-05-05,30.942733596885528
2005-05-06,30.94841981914755
2005-05-09,30.692367504084523
2005-05-10,30.98826375059265
2005-05-11,31.10206191546191
2005-05-12,31.0110179809994
2005-05-13,30.86307712804206
2005-05-16,30.50459327247696
2005-05-17,31.050852182528793
2005-05-18,31.375196909821593
2005-05-19,31.682452817213978
2005-05-20,31.56297094036628
2005-05-23,31.37518063828729
2005-05-24,31.52312714050938
2005-05-25,31.358113921794395
2005-05-26,31.346735542423666
2005-05-27,31.335356488065077
2005-05-31,31.267063527395823
2005-06-01,30.948423300437085
2005-06-02,31.26707455438128
2005-06-03,31.1703543227648
2005-06-06,31.147583332697995
2005-06-07,31.176031622815064
2005-06-08,31.187418317086465
2005-06-09,31.187407046392323
2005-06-10,31.15895172639937
2005-06-13,31.14188541983749
2005-06-14,31.244313465190448
2005-06-15,31.352430559964553
2005-06-16,31.244307289492248
2005-06-17,31.318285499636975
2005-06-20,31.2272359203003
2005-06-21,31.35242890600185
2005-06-22,31.409325315532552
2005-06-23,31.466224515205536
2005-06-24,30.988256511193743
2005-06-27,30.93135699770185
2005-06-28,30.97686754975754
2005-06-29,31.102062564375927
2005-06-30,30.971186864276806
2005-07-01,31.124819120715287
2005-07-05,31.06791660448216
2005-07-06,31.23861503660492
2005-07-07,30.641170294710996
2005-07-08,30.90290675548598
2005-07-11,31.323969446514468
2005-07-12,31.306921240977072
2005-07-13,31.637455899135908
2005-07-14,32.00492701552815
2005-07-15,32.42982477887932
2005-07-18,31.86712500296722
2005-07-19,31.580030887234635
2005-07-20,32.15420661908525
2005-07-21,32.36666023755376
2005-07-22,31.849891724744808
2005-07-25,31.970474445106518
2005-07-26,31.44223046306974
2005-07-27,31.648932159513834
2005-07-28,31.57428607532722
2005-07-29,31.654685770641414
2005-08-01,31.5226216704847
2005-08-02,31.534099568814568
2005-08-03,31.482418892103055
2005-08-04,31.72358152265867
2005-08-05,31.40777896976215
2005-08-08,31.47667693656118
2005-08-09,31.522618066651106
2005-08-10,31.574294112791865
2005-08-11,31.752281437865157
2005-08-12,31.83265870397346
2005-08-15,32.59058935733144
2005-08-16,32.81451975040017
2005-08-17,32.49872490435189
2005-08-18,32.4700031061759
2005-08-19,32.682465041379636
2005-08-22,32.5618739361373
2005-08-23,32.63651711539736
2005-08-24,32.320720513924506
2005-08-25,31.930284262060287
2005-08-26,32.02789538315698
2005-08-29,31.367575453621477
2005-08-30,31.83840465378565
2005-08-31,31.75801597770356
2005-09-01,32.223109098773996
2005-09-02,32.498712229511476
2005-09-06,32.481483497170125
2005-09-07,32.49872660665914
2005-09-08,32.441310897903264
2005-09-09,32.360914268197114
2005-09-12,32.30349377775935
2005-09-13,32.4700119379829
2005-09-14,32.73412404360127
2005-09-15,32.47001308318788
2005-09-16,32.54467186839545
2005-09-19,32.98678044120537
2005-09-20,33.15902699060211
2005-09-21,32.63078093634885
2005-09-22,32.52742947729138
2005-09-23,32.923614771345015
2005-09-26,33.10160588798753
2005-09-27,32.71115797727986
2005-09-28,32.99825969494664
2005-09-29,32.67671588935893
2005-09-30,33.58391123420313
2005-10-03,33.33128369849848
2005-10-04,32.98676842250527
2005-10-05,32.41260887637466
2005-10-06,32.46427300535646
2005-10-07,32.946571597381656
2005-10-10,32.63077312153335
2005-10-11,32.42982213290511
2005-10-12,31.952938950200817
2005-10-13,31.894988767062024
2005-10-14,32.7061226953123
2005-10-17,32.514930725097656
2005-10-18,32.51492904958507
2005-10-19,32.50334926497527
2005-10-20,33.6621031888702
2005-10-21,34.00973685848446
2005-10-24,34.00973770079918
2005-10-25,34.154584717470144
2005-10-26,33.84172907004655
2005-10-27,33.922836433826596
2005-10-28,34.125614151468206
2005-10-31,34.768736840255976
2005-11-01,34.90778183339133
2005-11-02,35.08739625816201
2005-11-03,35.632010351672484
2005-11-04,35.400261930402415
2005-11-07,35.475577669768626
2005-11-08,35.44659164571904
2005-11-09,35.579874272615946
2005-11-10,35.62043043308798
2005-11-11,36.1940286191402
2005-11-14,36.35625243547092
2005-11-15,36.39100956113808
2005-11-16,36.10131266522522
2005-11-17,36.16503893348488
2005-11-18,36.92982433368017
2005-11-21,36.79077388334904
2005-11-22,37.02252135440236
2005-11-23,37.21373896529684
2005-11-25,37.55555801651654
2005-11-28,37.497624730691314
2005-11-29,37.85106065722509
2005-11-30,37.51501439589092
2005-12-01,37.08046851224905
2005-12-02,37.248485058475744
2005-12-05,37.28324967732253
2005-12-06,37.35857927378132
2005-12-07,37.25428729353887
2005-12-08,36.721257664344
2005-12-09,36.74442621294476
2005-12-12,37.01672131172523
2005-12-13,36.58800444496819
2005-12-14,37.045703025555675
2005-12-15,37.13840582270377
2005-12-16,37.109438367375716
2005-12-19,36.987770208875915
2005-12-20,36.674910084990245
2005-12-21,36.761802987650036
2005-12-22,36.92403276124698
2005-12-23,37.28905261211275
2005-12-27,37.196346270941845
2005-12-28,36.5590190397467
2005-12-29,36.437369954013455
2005-12-30,36.03757868250254
2006-01-03,36.0665470502626
2006-01-04,36.80236929961153
2006-01-05,37.057289727834174
2006-01-06,37.27745151852196
2006-01-09,37.375947577856756
2006-01-10,37.22530643293523
2006-01-11,37.428639248795086
2006-01-12,37.5162240121869
2006-01-13,37.235958099365234
2006-01-17,36.9498192470773
2006-01-18,36.17323840158153
2006-01-19,37.35856801752768
2006-01-20,38.27532046523022
2006-01-23,38.491357925796855
2006-01-24,37.95414640703274
2006-01-25,38.24611995710665
2006-01-26,38.52638399759973
2006-01-27,38.999357752353774
2006-01-30,38.59647352960895
2006-01-31,38.012539340964246
2006-02-01,37.53373294831143
2006-02-02,37.93663750664242
2006-02-03,37.27098110950404
2006-02-06,37.25346210546306
2006-02-07,37.037425293801874
2006-02-08,37.25930191742287
2006-02-09,37.42863987743857
2006-02-10,37.35273774676834
2006-02-13,39.62415217252798
2006-02-14,38.713239179951536
2006-02-15,39.76427590770036
2006-02-16,40.61095944430006
2006-02-17,40.87371165121888
2006-02-21,40.64014962709988
2006-02-22,40.26058445003694
2006-02-23,41.26492731517491
2006-02-24,41.34083702308251
2006-02-27,41.25909466393357
2006-02-28,41.39922006282603
2006-03-01,41.12477726830056
2006-03-02,41.405087241256254
2006-03-03,41.13645980617217
2006-03-06,41.19486498204499
2006-03-07,40.58758651765276
2006-03-08,40.78612371535227
2006-03-09,40.94962374186221
2006-03-10,40.348197599520006
2006-03-13,40.84451859304794
2006-03-14,40.75691284434694
2006-03-15,41.04888021509784
2006-03-16,41.01384496507436
2006-03-17,41.113124157136845
2006-03-20,40.69853241047668
2006-03-21,40.692692293361276
2006-03-22,40.60512194246693
2006-03-23,40.89707625036911
2006-03-24,40.64598699538479
2006-03-27,40.500008511044385
2006-03-28,40.739411051420056
2006-03-29,40.16133116231721
2006-03-30,39.85770681992257
2006-03-31,39.338042869704516
2006-04-03,39.33803468941035
2006-04-04,39.174521788577366
2006-04-05,39.413937085001876
2006-04-06,39.9803262681235
2006-04-07,39.717559789625625
2006-04-10,39.36721272696807
2006-04-11,39.13357214427928
2006-04-12,38.94517664285325
2006-04-13,38.88628633186862
2006-04-17,39.151226288555506
2006-04-18,39.11001299510494
2006-04-19,40.14618834744436
2006-04-20,40.21096274158759
2006-04-21,41.29422043088692
2006-04-24,41.1764834629422
2006-04-25,40.982214124997654
2006-04-26,41.01752573549166
2006-04-27,40.92333617556812
2006-04-28,41.4767528786197
2006-05-01,42.01250558114076
2006-05-02,41.3177790015797
2006-05-03,41.329545092823906
2006-05-04,41.35898934306274
2006-05-05,41.82998516599696
2006-05-08,42.19500392464627
2006-05-09,41.68280702449005
2006-05-10,41.794671661666214
2006-05-11,41.77110749945209
2006-05-12,41.058738137073654
2006-05-15,40.48178450039274
2006-05-16,40.929222546910474
2006-05-17,40.55241875471369
2006-05-18,40.46411344726932
2006-05-19,40.35815330503634
2006-05-22,40.25217842994326
2006-05-23,40.293368726936876
2006-05-24,40.27572561863665
2006-05-25,40.62307480354171
2006-05-26,40.90566395444497
2006-05-30,40.45233432333961
2006-05-31,40.263940027868486
2006-06-01,40.62306633922796
2006-06-02,41.011634205665096
2006-06-05,40.51121723313416
2006-06-06,39.94601910850003
2006-06-07,39.83416422265462
2006-06-08,39.987225149626596
2006-06-09,40.82912116788473
2006-06-12,40.8526866419341
2006-06-13,40.599526279672425
2006-06-14,40.075557952348305
2006-06-15,39.816505083155725
2006-06-16,40.85856729242012
2006-06-19,40.96452963306479
2006-06-20,40.39347628913345
2006-06-21,40.228604644651284
2006-06-22,40.24037715919977
2006-06-23,40.33460027657089
2006-06-26,40.087330612306225
2006-06-27,40.24629648021359
2006-06-28,40.25806284383079
2006-06-29,40.85857438850743
2006-06-30,41.62392501048051
2006-07-03,41.45906936841714
2006-07-05,41.388433213557335
2006-07-06,41.16470863853487
2006-07-07,41.12349902143386
2006-07-10,41.217707104598134
2006-07-11,41.300111546133834
2006-07-12,41.754239955390666
2006-07-13,41.25581759175891
2006-07-14,41.19056056206552
2006-07-17,41.97971999647377
2006-07-18,41.97970262078352
2006-07-19,42.11023768151278
2006-07-20,41.831383775360905
2006-07-21,41.35669732605241
2006-07-24,41.048156183967755
2006-07-25,40.76332204257973
2006-07-26,40.876074779474095
2006-07-27,41.11934886413875
2006-07-28,41.149014554891316
2006-07-31,42.00938906825828
2006-08-01,41.73050565096839
2006-08-02,42.03904243805042
2006-08-03,41.463492410632426
2006-08-04,42.175524402049426
2006-08-07,42.53152934624302
2006-08-08,42.68579994635483
2006-08-09,42.525593285074656
2006-08-10,41.83138137927915
2006-08-11,41.95597406210902
2006-08-14,42.11024382701728
2006-08-15,42.24672159856181
2006-08-16,42.709520146355906
2006-08-17,42.36540078021849
2006-08-18,42.442517536293394
2006-08-21,42.13399046688452
2006-08-22,42.116182274722014
2006-08-23,41.8432502746582
2006-08-24,42.05682751418524
2006-08-25,41.71270495053487
2006-08-28,41.14902916113899
2006-08-29,41.78388588182059
2006-08-30,42.0331272629595
2006-08-31,41.95006342545616
2006-09-01,42.1161866928254
2006-09-05,42.181437336451296
2006-09-06,42.163651479696725
2006-09-07,42.128057682671
2006-09-08,41.5465610436318
2006-09-11,42.015312617463636
2006-09-12,42.36538263027415
2006-09-13,42.86382109572826
2006-09-14,43.196096155322714
2006-09-15,42.935008369090944
2006-09-18,43.30289302515027
2006-09-19,43.077419678976085
2006-09-20,42.72141191272674
2006-09-21,43.39188723999896
2006-09-22,43.17827763461622
2006-09-25,43.42155819772152
2006-09-26,43.445295386283114
2006-09-27,43.196101377304274
2006-09-28,43.23168407095061
2006-09-29,43.01808263337537
2006-10-02,43.10115855087879
2006-10-03,43.07147032902731
2006-10-04,43.10115584844732
2006-10-05,43.575839017544375
2006-10-06,43.80130326265149
2006-10-09,41.32702668569337
2006-10-10,42.09838671314916
2006-10-11,41.68897503365908
2006-10-12,42.25710152576528
2006-10-13,41.814546707817584
2006-10-16,41.47367363073635
2006-10-17,41.26436188649444
2006-10-18,41.38398300044788
2006-10-19,41.2643708046593
2006-10-20,41.51553055394968
2006-10-23,41.01916805738814
2006-10-24,40.887619884523914
2006-10-25,41.10886670194109
2006-10-26,40.89956130786323
2006-10-27,41.05505187547131
2006-10-30,40.48692957741195
2006-10-31,41.46770301047142
2006-11-01,41.95211132096747
2006-11-02,41.27632406386253
2006-11-03,41.40193438837728
2006-11-06,41.222508582000756
2006-11-07,41.41386457550507
2006-11-08,41.509564332710106
2006-11-09,41.62320167771197
2006-11-10,41.473673180141716
2006-11-13,41.33612582190042
2006-11-14,41.65309476076814
2006-11-15,41.68897166875318
2006-11-16,41.62916897396658
2006-11-17,41.48563066262653
2006-11-20,41.44376744040425
2006-11-21,41.33015104859038
2006-11-22,41.37201704093465
2006-11-24,41.30023001096791
2006-11-27,41.682988601583844
2006-11-28,41.42581661388452
2006-11-29,41.898271817296944
2006-11-30,42.22122565101752
2006-12-01,42.27504439661542
2006-12-04,42.729541880507206
2006-12-05,42.723549292963796
2006-12-06,42.789352318815325
2006-12-07,42.96875404092692
2006-12-08,42.992671683838324
2006-12-11,43.05248754583542
2006-12-12,43.30964386525268
2006-12-13,43.5967252174553
2006-12-14,43.58473767798497
2006-12-15,43.979446586851395
2006-12-18,44.13492754017263
2006-12-19,44.08708813876454
2006-12-20,44.00336403709856
2006-12-21,44.2664914605208
2006-12-22,44.541598239235945
2006-12-26,44.296418181081485
2006-12-27,44.67317228172812
2006-12-28,44.84061346271955
2006-12-29,44.697083653881336
2007-01-03,44.53560495724472
2007-01-04,44.79875245024102
2007-01-05,44.82865238246423
2007-01-08,44.37415878886236
2007-01-09,44.82865940333241
2007-01-10,44.918339353172456
2007-01-11,45.25573640409517
2007-01-12,45.09306724886425
2007-01-16,45.195473818238334
2007-01-17,45.03883556131594
2007-01-18,45.06296669774158
2007-01-19,45.27381283887823
2007-01-22,44.97257472890542
2007-01-23,44.76171686571359
2007-01-24,44.09902282047255
2007-01-25,44.46651574531013
2007-01-26,43.785758011385475
2007-01-29,43.93034370679189
2007-01-30,43.93032756824191
2007-01-31,44.0026419128043
2007-02-01,44.502663523247826
2007-02-02,44.52072953622318
2007-02-05,44.60507964150506
2007-02-06,44.767753682825855
2007-02-07,44.74365316081682
2007-02-08,45.0508957184683
2007-02-09,45.0267949141443
2007-02-12,45.03281884004878
2007-02-13,45.183428725938484
2007-02-14,45.665387535828174
2007-02-15,45.61718415186242
2007-02-16,45.49669980931996
2007-02-20,45.69549857386614
2007-02-21,45.78590158271969
2007-02-22,45.731673637313975
2007-02-23,45.75574838056149
2007-02-26,45.605140843051196
2007-02-27,44.90630008190305
2007-02-28,44.58099530233753
2007-03-01,43.7676762225873
2007-03-02,44.03878261049758
2007-03-05,43.44837747248522
2007-03-06,43.659232085729066
2007-03-07,43.70140847732643
2007-03-08,43.526696181892056
2007-03-09,43.56888837233277
2007-03-12,43.23149911412635
2007-03-13,43.225466135257705
2007-03-14,42.33986810860019
2007-03-15,41.327788781861344
2007-03-16,42.40013321365868
2007-03-19,42.472427294416335
2007-03-20,42.85798783630045
2007-03-21,42.99053358706945
2007-03-22,43.779740488503904
2007-03-23,43.532727224579716
2007-03-26,43.3821205410158
2007-03-27,43.48453942243389
2007-03-28,43.7435833695115
2007-03-29,43.41825679826008
2007-03-30,43.55680981947696
2007-04-02,43.358030638559846
2007-04-03,42.80376850432859
2007-04-04,43.41826302136331
2007-04-05,43.49658335462607
2007-04-09,43.84600599476706
2007-04-10,43.74961359399964
2007-04-11,44.11892915471982
2007-04-12,43.754319755764946
2007-04-13,42.72731668733989
2007-04-16,44.49571194447961
2007-04-17,44.842103341667084
2007-04-18,45.54703251944879
2007-04-19,45.78404492807029
2007-04-20,46.24590749423857
2007-04-23,46.09395552192042
2007-04-24,45.650346453069346
2007-04-25,45.63817800120099
2007-04-26,45.56526646291255
2007-04-27,45.24925551881823
2007-04-30,45.34041863522786
2007-05-01,45.10950426277555
2007-05-02,45.25535095020864
2007-05-03,45.32826640827687
2007-05-04,45.61389117664345
2007-05-07,45.607809500666974
2007-05-08,45.69895427511217
2007-05-09,45.70504802211146
2007-05-10,45.66249555947949
2007-05-11,45.121647146923834
2007-05-14,45.4194178289443
2007-05-15,45.182418843193574
2007-05-16,45.50449944722502
2007-05-17,45.45586367717219
2007-05-18,45.60779397805295
2007-05-21,45.413347002125484
2007-05-22,45.39510891363618
2007-05-23,45.15201940504189
2007-05-24,44.981862854738125
2007-05-25,44.78739929199219
2007-05-29,44.90893965565915
2007-05-30,44.59902981439922
2007-05-31,45.109497239276
2007-06-01,44.96972504703346
2007-06-04,44.811713991791024
2007-06-05,44.33163021851912
2007-06-06,43.81509608307262
2007-06-07,43.6570772161999
2007-06-08,43.347184988517775
2007-06-11,44.00348350588912
2007-06-12,44.33771274068391
2007-06-13,44.19186631758086
2007-06-14,44.90894699096679
2007-06-15,45.08518790179646
2007-06-18,45.15811541044818
2007-06-19,45.29787257615498
2007-06-20,45.425487400325444
2007-06-21,44.58686417602608
2007-06-22,44.34984947437765
2007-06-25,43.912324969113826
2007-06-26,43.54163036924601
2007-06-27,43.16486319411457
2007-06-28,43.65709751357351
2007-06-29,43.730023704639905
2007-07-02,43.74217551209509
2007-07-03,44.605105932058464
2007-07-05,44.757023787553734
2007-07-06,44.48357711449325
2007-07-09,44.50179190999009
2007-07-10,43.82116495609046
2007-07-11,43.530282054013114
2007-07-12,43.90427276104177
2007-07-13,44.94655615164306
2007-07-16,44.977202219789056
2007-07-17,45.19792777166464
2007-07-18,45.13660911067942
2007-07-19,44.87910766736981
2007-07-20,43.67129733292796
2007-07-23,43.86750037067952
2007-07-24,43.13177922227724
2007-07-25,41.10854234675321
2007-07-26,41.59286992919507
2007-07-27,40.55673919913485
2007-07-30,40.75292580433019
2007-07-31,42.12013066407445
2007-08-01,40.94911793073041
2007-08-02,41.50704266880925
2007-08-03,40.857152657955595
2007-08-06,39.299871202312
2007-08-07,41.57449169807443
2007-08-08,42.285690297993156
2007-08-09,42.6045056188511
2007-08-10,42.414438919317185
2007-08-13,43.573202197325585
2007-08-14,42.144685885658454
2007-08-15,41.519306725220844
2007-08-16,41.37216735387698
2007-08-17,45.06302905060583
2007-08-20,44.67679057447601
2007-08-21,45.14887904494633
2007-08-22,45.050776259838095
2007-08-23,44.85459085477092
2007-08-24,44.58480054465677
2007-08-27,44.43769217479345
2007-08-28,43.19920417410841
2007-08-29,42.267290295733524
2007-08-30,42.86201420293588
2007-08-31,43.17469148282602
2007-09-04,43.36474544645417
2007-09-05,42.83748313305411
2007-09-06,42.077237067177705
2007-09-07,41.81360844448084
2007-09-10,42.00979462285524
2007-09-11,41.87490727118947
2007-09-12,42.24278494317769
2007-09-13,42.31632948087261
2007-09-14,41.96074176852796
2007-09-17,42.23663769923905
2007-09-18,42.61676273450302
2007-09-19,44.388611310817886
2007-09-20,44.06369203321781
2007-09-21,43.75101506301832
2007-09-24,42.97235670598072
2007-09-25,42.44509610756832
2007-09-26,42.91718373295184
2007-09-27,42.35925571488991
2007-09-28,42.022051637252886
2007-10-01,41.75229613525487
2007-10-02,42.60450698716912
2007-10-03,42.45734245720433
2007-10-04,43.08885399251236
2007-10-05,43.775512618130406
2007-10-08,44.051415165590896
2007-10-09,44.057570451548884
2007-10-10,43.92301593978124
2007-10-11,43.89206373969773
2007-10-12,43.050853426424055
2007-10-15,43.372488922773364
2007-10-16,42.29620250991524
2007-10-17,41.411692051235384
2007-10-18,41.37457651038463
2007-10-19,43.261145168964156
2007-10-22,41.93746071119952
2007-10-23,42.51889871225302
2007-10-24,42.52508456581985
2007-10-25,43.09413563568268
2007-10-26,43.477661296191904
2007-10-29,44.68999728280502
2007-10-30,44.28795305023852
2007-10-31,44.57247611553594
2007-11-01,44.28794499558892
2007-11-02,43.30444634236308
2007-11-05,42.215809529524726
2007-11-06,42.308592155233356
2007-11-07,42.81580820860851
2007-11-08,41.62818717683176
2007-11-09,41.034393631806424
2007-11-12,42.3704656003579
2007-11-13,43.991035586505475
2007-11-14,45.48172743717726
2007-11-15,43.96631966282361
2007-11-16,43.29825293759622
2007-11-19,42.735381130134165
2007-11-20,42.525082337466486
2007-11-21,42.30859782673898
2007-11-23,42.45704096408902
2007-11-26,43.112684510244044
2007-11-27,41.65911143712268
2007-11-28,43.044667416671025
2007-11-29,45.413694208181965
2007-11-30,45.37038672446171
2007-12-03,45.33947621337065
2007-12-04,44.708544687901565
2007-12-05,44.844619577532725
2007-12-06,45.11061011389641
2007-12-07,45.69822768763769
2007-12-10,44.6961940026553
2007-12-11,45.67349208258222
2007-12-12,42.723020793243236
2007-12-13,41.92508734633767
2007-12-14,41.108611847968554
2007-12-17,39.995222392914975
2007-12-18,40.162239042790134
2007-12-19,39.834403446456676
2007-12-20,40.51481437131414
2007-12-21,40.28595477180664
2007-12-24,40.947779101916815
2007-12-26,40.88593962978304
2007-12-27,41.059129020942386
2007-12-28,40.619951599093035
2007-12-31,40.48385854114728
2008-01-02,40.520990234279665
2008-01-03,40.094183027329564
2008-01-04,39.16635590807537
2008-01-07,38.999368251896726
2008-01-08,39.53130448803793
2008-01-09,38.390724754704834
2008-01-10,38.590707601324006
2008-01-11,38.80318949282018
2008-01-14,39.31564381906521
2008-01-15,38.12198381681662
2008-01-16,37.07207288984611
2008-01-17,37.872009401252676
2008-01-18,35.565932161280614
2008-01-22,34.05356510913588
2008-01-23,33.18488939292777
2008-01-24,37.71578079623155
2008-01-25,39.18439586834825
2008-01-28,37.88451176811533
2008-01-29,38.92816670303263
2008-01-30,39.84685278679804
2008-01-31,38.3282241681573
2008-02-01,41.10301258814962
2008-02-04,40.97176500079297
2008-02-05,39.596869225850604
2008-02-06,39.7031126697879
2008-02-07,39.56563181079062
2008-02-08,40.046827288513676
2008-02-11,39.46563157958178
2008-02-12,39.36563999519257
2008-02-13,40.15307788523312
2008-02-14,39.66561770417145
2008-02-15,39.18440487119141
2008-02-19,40.10308452758266
2008-02-20,38.621951215078965
2008-02-21,39.52188164838281
2008-02-22,38.76567915343389
2008-02-25,39.215654228707024
2008-02-26,39.2593889797416
2008-02-27,39.13440915141572
2008-02-28,39.28440036508746
2008-02-29,38.62822532252713
2008-03-03,38.27822483852469
2008-03-04,37.12206664873059
2008-03-05,37.728259376605756
2008-03-06,37.247057885365926
2008-03-07,36.12214955141199
2008-03-10,37.03456801852613
2008-03-11,37.32205280856503
2008-03-12,39.059415667348624
2008-03-13,37.55952773166863
2008-03-14,38.74695106946407
2008-03-17,36.74709467450963
2008-03-18,39.15941260265727
2008-03-19,40.30306409681161
2008-03-20,39.99684020346106
2008-03-24,41.71545655957203
2008-03-25,42.49665568654763
2008-03-26,42.090413415825296
2008-03-27,41.87168923892905
2008-03-28,42.48414874761542
2008-03-31,41.03425630035264
2008-04-01,41.64673100318387
2008-04-02,43.434074683023404
2008-04-03,42.752892146243916
2008-04-04,42.821629792656196
2008-04-07,42.552873116114384
2008-04-08,42.32792686601668
2008-04-09,41.57797032538595
2008-04-10,41.46060871883937
2008-04-11,40.36222641163836
2008-04-14,40.4569184007113
2008-04-15,39.43428765907128
2008-04-16,40.22967569861602
2008-04-17,40.14760388559813
2008-04-18,42.748357210835245
2008-04-21,41.73836806414184
2008-04-22,41.01242718951584
2008-04-23,41.599483984698175
2008-04-24,41.99087068585092
2008-04-25,43.39856148560107
2008-04-28,44.53480069223501
2008-04-29,43.928801575327455
2008-04-30,43.39856309949468
2008-05-01,43.871993027834954
2008-05-02,45.639501018081276
2008-05-05,44.42117694574277
2008-05-06,43.720492544125584
2008-05-07,44.433807552856756
2008-05-08,43.512175317897736
2008-05-09,41.77623845153321
2008-05-12,42.546366183217344
2008-05-13,42.95036200808262
2008-05-14,42.7357406694569
2008-05-15,42.843050888020024
2008-05-16,43.78992360209231
2008-05-19,43.01350503568079
2008-05-20,42.07292196456819
2008-05-21,42.117118308287274
2008-05-22,41.479561333078735
2008-05-23,41.78887873571226
2008-05-27,41.29018227655055
2008-05-28,41.70048985031132
2008-05-29,41.01241644290724
2008-05-30,41.56792413596253
2008-06-02,40.49481136499886
2008-06-03,40.33698668846224
2008-06-04,39.86355531859486
2008-06-05,39.26385833350436
2008-06-06,39.377478084616776
2008-06-09,38.56316722288443
2008-06-10,37.54054835113666
2008-06-11,37.862483859421964
2008-06-12,37.25647044156025
2008-06-13,38.1465449691195
2008-06-16,37.23753452231152
2008-06-17,38.58210730097413
2008-06-18,36.328544250259405
2008-06-19,36.16441059162418
2008-06-20,35.05971959310601
2008-06-23,36.64415837358736
2008-06-24,36.03184578444215
2008-06-25,37.24383605903029
2008-06-26,36.606273745034024
2008-06-27,36.64416052242676
2008-06-30,36.745161525331575
2008-07-01,35.65941428504219
2008-07-02,36.65678849238834
2008-07-03,36.23384977502348
2008-07-07,35.36904133042647
2008-07-08,34.37798354689632
2008-07-09,37.21618787755911
2008-07-10,35.30078039230527
2008-07-11,35.070931403678564
2008-07-14,36.6479536177412
2008-07-15,32.70222627319786
2008-07-16,32.753307084664634
2008-07-17,38.7868181525981
2008-07-18,41.813128583293356
2008-07-21,42.011064546794536
2008-07-22,40.453203277552575
2008-07-23,44.95440889974065
2008-07-24,44.41169604996782
2008-07-25,43.56892417036624
2008-07-28,43.35822498855321
2008-07-29,42.37499510089146
2008-07-30,45.70778511038934
2008-07-31,44.90333124188348
2008-08-01,45.548167691870745
2008-08-04,45.688633303573894
2008-08-05,46.14832570566818
2008-08-06,46.7484939728915
2008-08-07,46.244099120352075
2008-08-08,44.04776414986531
2008-08-11,46.301551888499
2008-08-12,46.0461732253532
2008-08-13,44.68623745736101
2008-08-14,44.37337062152825
2008-08-15,45.26725269405241
2008-08-18,45.92486216855055
2008-08-19,43.80516125034044
2008-08-20,44.00308095330927
2008-08-21,44.01585648272899
2008-08-22,45.80994202306821
2008-08-25,45.497099710282484
2008-08-26,44.054167379300374
2008-08-27,44.20101224463313
2008-08-28,45.21614937690465
2008-08-29,45.53539784749214
2008-09-02,46.50586302051144
2008-09-03,46.6910162049161
2008-09-04,47.17624939480057
2008-09-05,46.058945133312925
2008-09-08,48.93204990429822
2008-09-09,48.41487592184388
2008-09-10,45.752481660923195
2008-09-11,44.09247083013868
2008-09-12,45.80992659543947
2008-09-15,45.01824175918302
2008-09-16,43.73493534887936
2008-09-17,47.948802453407644
2008-09-18,47.12517939986001
2008-09-19,54.91447385060024
2008-09-22,51.785981349202196
2008-09-23,47.88495446790561
2008-09-24,46.89534670106568
2008-09-25,46.29517576943523
2008-09-26,45.80993061191988
2008-09-29,47.88494530846091
2008-09-30,45.59285643448397
2008-10-01,47.884947549885055
2008-10-02,50.11958845073889
2008-10-03,50.27920535253204
2008-10-06,46.60803055481381
2008-10-07,48.6000308818115
2008-10-08,43.44640144088041
2008-10-09,43.83959250138107
2008-10-10,37.122809633553786
2008-10-13,45.779848262015875
2008-10-14,44.658228101980804
2008-10-15,39.80437412106894
2008-10-16,38.9148094948899
2008-10-17,38.52160029297558
2008-10-20,36.76184428552208
2008-10-21,37.83832103564284
2008-10-22,37.47089600593384
2008-10-23,35.99475585009808
2008-10-24,27.40215384749538
2008-10-27,37.77385399402456
2008-10-28,39.04373887566714
2008-10-29,41.64794256706998
2008-10-30,42.40856816277778
2008-10-31,41.39009810734489
2008-11-03,43.05962539849129
2008-11-04,44.709808656439016
2008-11-05,46.16662783521608
2008-11-06,43.852497803312104
2008-11-07,44.10387426087358
2008-11-10,43.61398630449181
2008-11-11,42.543939856110306
2008-11-12,41.254733246806644
2008-11-13,40.216909264013495
2008-11-14,41.8799929940948
2008-11-17,39.64321346392887
2008-11-18,38.08328022661255
2008-11-19,35.524188361316035
2008-11-20,31.746803295226975
2008-11-21,29.490685413108853
2008-11-24,28.865426967200236
2008-11-25,32.53966933472569
2008-11-26,32.90709284717321
2008-11-28,33.73218655724332
2008-12-01,32.623467491349054
2008-12-02,28.607571891127115
2008-12-03,27.17655015020944
2008-12-04,29.638944360382304
2008-12-05,30.360896828098888
2008-12-08,34.78288956134499
2008-12-09,35.27279575164671
2008-12-10,34.03514798058521
2008-12-11,33.4550189539615
2008-12-12,29.92901758703505
2008-12-15,31.753248066544902
2008-12-16,30.438258704597413
2008-12-17,31.231116120264364
2008-12-18,29.987026907524285
2008-12-19,28.75582563260399
2008-12-22,28.678493481066127
2008-12-23,27.769585215093244
2008-12-24,28.330388977329942
2008-12-26,28.323953740290392
2008-12-29,28.278827050789836
2008-12-30,28.182136244143642
2008-12-31,29.851659073797144
2009-01-02,31.2569172434762
2009-01-05,31.005508422851562
2009-01-06,31.263349499524885
2009-01-07,31.04418691197737
2009-01-08,31.256907035206183
2009-01-09,31.740358559778382
2009-01-12,30.54137846023312
2009-01-13,29.368210397155586
2009-01-14,29.23963444532625
2009-01-15,28.324064998119887
2009-01-16,28.114786407672177
2009-01-20,22.810981686079685
2009-01-21,16.02915418427769
2009-01-22,19.083263985953028
2009-01-23,18.710501443949035
2009-01-26,20.482795601748766
2009-01-27,20.770536236244897
2009-01-28,23.458419076925246
2009-01-29,23.595754202195966
2009-01-30,22.621313787901975
2009-02-02,20.862097657372697
2009-02-03,21.627264123857046
2009-02-04,19.750327292011985
2009-02-05,18.2984864013967
2009-02-06,19.992303170752297
2009-02-09,21.437604129480697
2009-02-10,21.679587635872146
2009-02-11,20.01192347191485
2009-02-12,20.678986124206723
2009-02-13,19.72416666416038
2009-02-17,17.382907089605776
2009-02-18,17.657572438455038
2009-02-19,17.265192292617535
2009-02-20,14.65579243067779
2009-02-23,15.852582026735213
2009-02-24,16.251514363052067
2009-02-25,18.121904220263822
2009-02-26,19.789555848402212
2009-02-27,18.53391280573175
2009-03-02,17.605256305315592
2009-03-03,17.43522295549043
2009-03-04,16.69621932354093
2009-03-05,14.695030171519466
2009-03-06,13.079686881573643
2009-03-09,11.719401540896229
2009-03-10,14.16529544431609
2009-03-11,16.43462968161593
2009-03-12,16.120714419044933
2009-03-13,18.48159710665433
2009-03-16,18.664711499978072
2009-03-17,17.821069843279634
2009-03-18,18.115365134984707
2009-03-19,21.090992803900278
2009-03-20,19.102876261854483
2009-03-23,19.03093782934864
2009-03-24,20.705144490456888
2009-03-25,21.470307043401707
2009-03-26,21.476844000077175
2009-03-27,20.351994168537818
2009-03-30,18.81512920780218
2009-03-31,18.089202236487274
2009-04-01,18.730114106795003
2009-04-02,20.934035007990918
2009-04-03,20.580885708867754
2009-04-06,22.30740658282839
2009-04-07,21.313347437156644
2009-04-08,21.02638247039323
2009-04-09,22.869876372199446
2009-04-13,24.680576838761166
2009-04-14,25.67120981581483
2009-04-15,24.024526006287072
2009-04-16,26.16982129325184
2009-04-17,25.50062929608195
2009-04-20,26.045155648955124
2009-04-21,22.935484493817576
2009-04-22,25.763063270080384
2009-04-23,26.6093647011569
2009-04-24,26.793052263838117
2009-04-27,27.462221867146354
2009-04-28,26.17636670272733
2009-04-29,26.701221094581808
2009-04-30,26.852092846521494
2009-05-01,25.92706907359886
2009-05-04,25.225087546184255
2009-05-05,27.55406946311557
2009-05-06,28.538149505270887
2009-05-07,31.89053360192496
2009-05-08,30.302912236215015
2009-05-11,33.917760420904465
2009-05-12,31.09017821709007
2009-05-13,28.951455144438118
2009-05-14,26.82585361760482
2009-05-15,28.413489088712375
2009-05-18,28.13795437556637
2009-05-19,29.371325395777745
2009-05-20,29.253233199232778
2009-05-21,27.17355605486099
2009-05-22,27.337568351192004
2009-05-26,26.806165723843403
2009-05-27,28.9186533910709
2009-05-28,27.40318853666645
2009-05-29,28.767764555271228
2009-06-01,30.368524382911172
2009-06-02,29.049857042233885
2009-06-03,27.363829428554418
2009-06-04,26.825836295796904
2009-06-05,28.826805541116514
2009-06-08,27.278534670921083
2009-06-09,28.689041626125505
2009-06-10,29.351645661895898
2009-06-11,27.652473415746847
2009-06-12,27.665594224164877
2009-06-15,26.89802052393586
2009-06-16,26.819296177758392
2009-06-17,25.84834054343463
2009-06-18,25.047962526479022
2009-06-19,26.20261439680558
2009-06-22,25.972998059787123
2009-06-23,25.572795844650038
2009-06-24,25.8221126721546
2009-06-25,26.0779552142035
2009-06-26,26.366625766748744
2009-06-29,26.01890948058658
2009-06-30,26.005792788737853
2009-07-01,25.605601128194518
2009-07-02,24.890509512587677
2009-07-06,23.958919939453267
2009-07-07,24.569044733212213
2009-07-08,24.66745472904344
2009-07-09,24.189475950278588
2009-07-10,23.689510198312824
2009-07-13,24.005279520799625
2009-07-14,24.86707082409565
2009-07-15,24.69603288553636
2009-07-16,25.320991731501337
2009-07-17,25.465725800904025
2009-07-20,24.906546542274782
2009-07-21,25.228894912397664
2009-07-22,24.36710269780188
2009-07-23,23.794765413551463
2009-07-24,23.307951776879143
2009-07-27,22.400101514500474
2009-07-28,22.77508394180499
2009-07-29,23.834229941913108
2009-07-30,23.525034463700308
2009-07-31,23.321109783826927
2009-08-03,24.492091395095986
2009-08-04,24.827593732501864
2009-08-05,25.472306938327538
2009-08-06,27.498511803221692
2009-08-07,27.50509276363736
2009-08-10,28.70897594592783
2009-08-11,27.998488940395895
2009-08-12,26.801171260731234
2009-08-13,27.551137982806328
2009-08-14,27.75507478435749
2009-08-17,26.807760202976308
2009-08-18,26.498557813021687
2009-08-19,26.123577922455777
2009-08-20,26.32752146946754
2009-08-21,27.63666471515689
2009-08-24,27.90637600226047
2009-08-25,27.14984564476679
2009-08-26,27.531397878751882
2009-08-27,27.498519064924942
2009-08-28,27.959016837001887
2009-08-31,27.695870703770968
2009-09-01,27.820860251717075
2009-09-02,26.472242247950085
2009-09-03,26.314365980227883
2009-09-04,26.241998217980406
2009-09-08,26.98538533132674
2009-09-09,26.419617989699173
2009-09-10,27.024851854737875
2009-09-11,27.261689308278438
2009-09-14,27.41957653352368
2009-09-15,28.327405737537138
2009-09-16,29.794431042028457
2009-09-17,30.722018678917603
2009-09-18,30.215474849742936
2009-09-21,29.91943772332022
2009-09-22,30.932535493883083
2009-09-23,30.45230457575415
2009-09-24,30.327303366272346
2009-09-25,29.445760975273092
2009-09-28,30.090468845089653
2009-09-29,30.978577951243427
2009-09-30,31.68907753661609
2009-10-01,31.86010801227096
2009-10-02,29.629977474072845
2009-10-05,29.537875567431062
2009-10-06,30.643080325969457
2009-10-07,29.998376152381066
2009-10-08,29.68173077988232
2009-10-09,29.09493631476581
2009-10-12,29.853153153963508
2009-10-13,29.305924611088773
2009-10-14,29.991596443255283
2009-10-15,30.72342804040788
2009-10-16,29.56965389569752
2009-10-19,29.477340636642772
2009-10-20,29.40481509403304
2009-10-21,29.549866320874298
2009-10-22,31.527770010780007
2009-10-23,33.76279733673208
2009-10-26,34.784709779046715
2009-10-27,33.472702569905195
2009-10-28,33.294704061775946
2009-10-29,33.09029779216364
2009-10-30,34.1649730931876
2009-11-02,32.938677431071255
2009-11-03,33.24854990207524
2009-11-04,34.57373315872238
2009-11-05,33.7693898479008
2009-11-06,34.072662501692605
2009-11-09,35.720920457696174
2009-11-10,35.47697918196778
2009-11-11,35.78685874187344
2009-11-12,35.997817835179646
2009-11-13,35.97804958406999
2009-11-16,35.78026023807352
2009-11-17,36.22858493849013
2009-11-18,36.43295540924454
2009-11-19,36.60437649972345
2009-11-20,36.11648887655181
2009-11-23,36.6571319995435
2009-11-24,37.31643000668333
2009-11-25,37.58674371092747
2009-11-27,36.43955765158822
2009-11-30,36.399997615173966
2009-12-01,37.82407510502871
2009-12-02,37.23730588318491
2009-12-03,37.45488716050012
2009-12-04,35.430822933788
2009-12-07,35.305546794988366
2009-12-08,34.092441673961766
2009-12-09,35.358309045601395
2009-12-10,35.91870056234882
2009-12-11,35.0022805121634
2009-12-14,34.989088597313604
2009-12-15,34.652861879792724
2009-12-16,34.230896543638664
2009-12-17,34.35615945316858
2009-12-18,35.18029943408948
2009-12-21,35.90553851337636
2009-12-22,35.80004623531076
2009-12-23,35.85937389676426
2009-12-24,35.44400244478744
2009-12-28,35.806625956896745
2009-12-29,35.364894939277484
2009-12-30,34.969316442488875
2009-12-31,34.91657288925424
2010-01-04,35.4308276526595
2010-01-05,35.120946785729274
2010-01-06,35.6220141853621
2010-01-07,35.50335437776103
2010-01-08,37.454902112901294
2010-01-11,37.69881974118837
2010-01-12,37.474656443140944
2010-01-13,37.36914480313849
2010-01-14,37.600308470514584
2010-01-15,37.98338888257439
2010-01-19,37.34273130776867
2010-01-20,38.11546194699032
2010-01-21,38.069247511864006
2010-01-22,37.104962371527584
2010-01-25,35.90951331509572
2010-01-26,35.57927587263144
2010-01-27,34.66123972969615
2010-01-28,36.239749949048296
2010-01-29,36.56998266486152
2010-02-01,36.86718886510718
2010-02-02,36.913427970273126
2010-02-03,35.777427370014095
2010-02-04,35.38113515045261
2010-02-05,34.159284420977386
2010-02-08,34.11965849170814
2010-02-09,34.00736996714793
2010-02-10,33.80263729410414
2010-02-11,33.888494999648756
2010-02-12,33.95454334282483
2010-02-16,34.172491310856934
2010-02-17,34.87258289451233
2010-02-18,33.99416185559108
2010-02-19,34.11304580023069
2010-02-22,34.595188893365204
2010-02-23,35.0509133835757
2010-02-24,34.88579759650039
2010-02-25,35.328311265222666
2010-02-26,35.40095174410288
2010-03-01,35.59248971436527
2010-03-02,35.35473565064698
2010-03-03,35.394363715593315
2010-03-04,35.625522515545896
2010-03-05,36.094445018235234
2010-03-08,37.16440490179192
2010-03-09,36.616215389791044
2010-03-10,37.30969731911305
2010-03-11,37.81826082941282
2010-03-12,38.8155621467149
2010-03-15,37.92393595772658
2010-03-16,37.9305423011553
2010-03-17,38.86839950539951
2010-03-18,39.56849356485823
2010-03-19,39.3703498840332
2010-03-22,38.94106685536418
2010-03-23,39.502445220947266
2010-03-24,39.376971101531
2010-03-25,39.76664041086379
2010-03-26,39.61473156549151
2010-03-29,39.62793520646704
2010-03-30,39.27787912408131
2010-03-31,38.59101395127325
2010-04-01,39.74021071151677
2010-04-05,39.958156804597735
2010-04-06,40.539384191143036
2010-04-07,41.40458223690954
2010-04-08,41.18662973772224
2010-04-09,42.57399446694723
2010-04-12,42.88488598656842
2010-04-13,42.851813583558425
2010-04-14,42.24324610910919
2010-04-15,42.977507705577615
2010-04-16,42.349082952408764
2010-04-19,41.40314125723076
2010-04-20,42.38215171580564
2010-04-21,42.917975498721574
2010-04-22,44.221110485445195
2010-04-23,45.96749715500682
2010-04-26,46.23208018492268
2010-04-27,44.108658538888896
2010-04-28,43.72500752082635
2010-04-29,43.81099818693397
2010-04-30,43.59268745532156
2010-05-03,44.61802265680277
2010-05-04,44.77016273461168
2010-05-05,43.513322962853216
2010-05-06,44.426197623149115
2010-05-07,42.66659105469541
2010-05-10,44.61802714177445
2010-05-11,44.14835069550822
2010-05-12,45.62348256180304
2010-05-13,45.08769221918961
2010-05-14,43.91684261596831
2010-05-17,43.47361941028521
2010-05-18,43.94991118964716
2010-05-19,41.740495241561455
2010-05-20,40.52334698432452
2010-05-21,39.3723361150681
2010-05-24,41.171599500544566
2010-05-25,39.03497515308363
2010-05-26,41.00624029546815
2010-05-27,41.356834268632
2010-05-28,42.487982974588995
2010-06-01,41.15175565393684
2010-06-02,40.91363104729315
2010-06-03,42.31600885291254
2010-06-04,40.25211767855599
2010-06-07,39.08127184362403
2010-06-08,38.66453858986825
2010-06-09,39.24665716374123
2010-06-10,38.922513874272724
2010-06-11,39.47155260993643
2010-06-14,40.794566453347365
2010-06-15,40.245520073856866
2010-06-16,40.6887114871567
2010-06-17,41.26422453034971
2010-06-18,41.31052333939524
2010-06-21,42.13079424047461
2010-06-22,41.0194783254096
2010-06-23,40.10660450873638
2010-06-24,39.76263486068562
2010-06-25,39.61047978203759
2010-06-28,40.5035030849577
2010-06-29,39.00850462271914
2010-06-30,37.969967445430754
2010-07-01,37.37461251900745
2010-07-02,37.50692114828732
2010-07-06,37.50029026510584
2010-07-07,37.910422477069474
2010-07-08,40.582872157128136
2010-07-09,40.37781064762329
2010-07-12,40.84069763368979
2010-07-13,41.331005527752076
2010-07-14,41.224999126448616
2010-07-15,40.6551829894797
2010-07-16,39.7342064860354
2010-07-19,38.71386127983824
2010-07-20,37.87239125655895
2010-07-21,39.75408822285547
2010-07-22,39.6480847784472
2010-07-23,39.39631268169397
2010-07-26,40.52929277790993
2010-07-27,41.07922715601496
2010-07-28,40.35702422333632
2010-07-29,40.231145344738
2010-07-30,39.07827691542307
2010-08-02,39.89322211991068
2010-08-03,40.2112580628572
2010-08-04,40.05224764855492
2010-08-05,39.654711896410305
2010-08-06,39.21741573867648
2010-08-09,39.210794130637744
2010-08-10,37.95190324821703
2010-08-11,38.1705590958865
2010-08-12,36.931546696982636
2010-08-13,37.20319660068508
2010-08-16,36.31536885884521
2010-08-17,37.2628403152387
2010-08-18,36.79904505813021
2010-08-19,37.057428688747926
2010-08-20,35.95758503273293
2010-08-23,35.31488465492633
2010-08-24,34.10900447495566
2010-08-25,33.28741708875068
2010-08-26,33.559089952106184
2010-08-27,33.671723066146406
2010-08-30,34.162018093913126
2010-08-31,33.38681270903147
2010-09-01,34.37404904398143
2010-09-02,35.175757664295865
2010-09-03,36.229232508442266
2010-09-07,36.063572041237315
2010-09-08,35.06974068538207
2010-09-09,36.28886462330689
2010-09-10,36.26236557954044
2010-09-13,36.93154268650943
2010-09-14,37.143578813085256
2010-09-15,36.34849333395616
2010-09-16,36.28223456797484
2010-09-17,36.282219467109634
2010-09-20,36.149725067992584
2010-09-21,35.97083256704093
2010-09-22,34.672198608267216
2010-09-23,33.69158365414101
2010-09-24,34.61255965275127
2010-09-27,35.07635217438062
2010-09-28,34.11564294326984
2010-09-29,34.53968220477497
2010-09-30,34.64568603627073
2010-10-01,34.824583044250886
2010-10-04,34.89084119416341
2010-10-05,34.791454921054054
2010-10-06,35.29501439810281
2010-10-07,35.864820062740954
2010-10-08,35.24199734387827
2010-10-11,35.135988357576295
2010-10-12,34.92396532243704
2010-10-13,35.4280489879942
2010-10-14,35.00320786389928
2010-10-15,34.53852618133275
2010-10-18,33.907898635031515
2010-10-19,34.79741072103166
2010-10-20,35.15586899673543
2010-10-21,34.91026305970526
2010-10-22,35.70685115973269
2010-10-25,36.510068045722115
2010-10-26,35.68693085194698
2010-10-27,35.627187267460236
2010-10-28,35.899362957745524
2010-10-29,35.520969794878354
2010-11-01,35.89935861296072
2010-11-02,35.49442761277811
2010-11-03,35.11604374090329
2010-11-04,36.20471369517789
2010-11-05,37.48589535683782
2010-11-08,38.39532035123851
2010-11-09,38.4417957083066
2010-11-10,37.373040318393635
2010-11-11,37.751412437317434
2010-11-12,38.056772881744735
2010-11-15,37.80451251786163
2010-11-16,37.60537765406492
2010-11-17,37.00128764491608
2010-11-18,37.29337813637251
2010-11-19,37.18052668768568
2010-11-22,36.99466342419164
2010-11-23,36.31756421313884
2010-11-24,36.51007680969037
2010-11-26,35.86616709288615
2010-11-29,35.74003703194267
2010-11-30,35.74668502807617
2010-12-01,36.25782076755156
2010-12-02,36.589730198697694
2010-12-03,37.366404053630525
2010-12-06,37.82444112055712
2010-12-07,38.55464096592722
2010-12-08,38.448424491031034
2010-12-09,40.19427218126747
2010-12-10,40.8315381014182
2010-12-13,40.652307525942156
2010-12-14,39.84243685287785
2010-12-15,40.1013488449414
2010-12-16,39.03259043444273
2010-12-17,38.840087399819
2010-12-20,38.986112065538634
2010-12-21,39.10560350489587
2010-12-22,39.87563013147375
2010-12-23,40.121246448048694
2010-12-27,39.82254532521323
2010-12-28,40.10133977549176
2010-12-29,40.41332770428165
2010-12-30,40.486350625052374
2010-12-31,40.34031938142948
2011-01-03,40.685491760886975
2011-01-04,40.93775745832157
2011-01-05,40.260649397874474
2011-01-06,40.964297374018095
2011-01-07,41.508631286256154
2011-01-10,40.73860140187492
2011-01-11,41.08379155897806
2011-01-12,41.37652491798926
2011-01-13,41.41641789167452
2011-01-14,40.64513788365608
2011-01-18,42.101255598532845
2011-01-19,41.675738191906504
2011-01-20,40.36589129062772
2011-01-21,41.216962883122164
2011-01-24,40.23955958824957
2011-01-25,40.033437785005546
2011-01-26,40.55870262372853
2011-01-27,40.718281430387265
2011-01-28,40.99088729291279
2011-01-31,40.13317353967092
2011-02-01,40.10659101820294
2011-02-02,41.25685842592081
2011-02-03,41.27014881656928
2011-02-04,41.27014486879606
2011-02-07,41.33663341344754
2011-02-08,41.79541174420954
2011-02-09,42.50019540252942
2011-02-10,42.73956104004664
2011-02-11,42.36722405856957
2011-02-14,42.573332110498804
2011-02-15,42.925733692818945
2011-02-16,43.03877219524423
2011-02-17,42.91242862337261
2011-02-18,42.719609683572095
2011-02-22,41.92174232342422
2011-02-23,41.08396382503634
2011-02-24,40.798065864705734
2011-02-25,40.97759368865308
2011-02-28,41.276797099320625
2011-03-01,41.11722335069243
2011-03-02,39.966951985238374
2011-03-03,40.35258470620195
2011-03-04,40.55205576950905
2011-03-07,40.844615907987446
2011-03-08,40.61853141890426
2011-03-09,41.88850552490296
2011-03-10,41.4164284430097
2011-03-11,41.27014186075776
2011-03-14,41.57601007426972
2011-03-15,40.44566296980246
2011-03-16,41.250213158822085
2011-03-17,41.097273975360075
2011-03-18,41.86189601673872
2011-03-21,42.260848149409966
2011-03-22,41.423052304950325
2011-03-23,40.67837941170841
2011-03-24,40.90445696531099
2011-03-25,41.05074405562181
2011-03-28,41.11721546559339
2011-03-29,40.844612265471696
2011-03-30,41.529458561399615
2011-03-31,41.689026715438516
2011-04-01,42.34727320498502
2011-04-04,42.40046739426373
2011-04-05,42.200996023260956
2011-04-06,42.034766642649906
2011-04-07,42.79275774451646
2011-04-08,42.52015415698451
2011-04-11,42.13450608279107
2011-04-12,41.8885039480273
2011-04-13,42.287438262287715
2011-04-14,41.33525524224962
2011-04-15,41.42886105139349
2011-04-18,40.99423635080972
2011-04-19,40.88056645452121
2011-04-20,41.27507393263973
2011-04-21,41.49572169452464
2011-04-25,41.181463735515955
2011-04-26,41.02098642839346
2011-04-27,41.63613003740615
2011-04-28,41.54253845213442
2011-04-29,41.83005426831292
2011-05-02,41.98383065256172
2011-05-03,42.08412348170647
2011-05-04,42.89317136653056
2011-05-05,42.27134151078947
2011-05-06,42.41844156382413
2011-05-09,41.69631610133131
2011-05-10,41.62276379449493
2011-05-11,42.29808659230005
2011-05-12,42.2713311857217
2011-05-13,42.18441727892918
2011-05-16,41.101229454983816
2011-05-17,41.16139978161861
2011-05-18,41.91029498459265
2011-05-19,42.237920387868535
2011-05-20,41.87685004013179
2011-05-23,40.78697129460609
2011-05-24,40.960807181128644
2011-05-25,40.4660223964902
2011-05-26,40.73346370762738
2011-05-27,41.53583606410921
2011-05-31,42.12424668588234
2011-06-01,41.61607290907495
2011-06-02,40.17182463887472
2011-06-03,39.6904017388131
2011-06-06,39.63021989906573
2011-06-07,39.784011092389356
2011-06-08,39.68371027095199
2011-06-09,39.717132829728406
2011-06-10,39.30929522574285
2011-06-13,39.67035177857556
2011-06-14,39.98458855916212
2011-06-15,39.68371369150611
2011-06-16,39.40956248720185
2011-06-17,39.49649328257824
2011-06-20,38.24613633153195
2011-06-21,37.78477243085247
2011-06-22,38.03885682154507
2011-06-23,37.443768676052386
2011-06-24,37.978679234008816
2011-06-27,37.97868160259819
2011-06-28,38.80780237226682
2011-06-29,38.981640375399245
2011-06-30,39.34269949210977
2011-07-01,39.971220069862966
2011-07-05,40.92737816297383
2011-07-06,40.27210985839888
2011-07-07,39.951164556117256
2011-07-08,39.97791539527855
2011-07-11,39.396197534200105
2011-07-12,38.89471194297625
2011-07-13,39.09530692150726
2011-07-14,39.15100660801612
2011-07-15,38.7406372893512
2011-07-18,37.960318769682566
2011-07-19,37.933406754871946
2011-07-20,37.67105808612542
2011-07-21,37.70468676996166
2011-07-22,38.21594164237588
2011-07-25,37.72487211223879
2011-07-26,37.99394504170705
2011-07-27,37.368334209729085
2011-07-28,36.67546082798608
2011-07-29,36.41983868213144
2011-08-01,36.931095123291016
2011-08-02,36.5341970003911
2011-08-03,35.76059851334066
2011-08-04,35.720228328029876
2011-08-05,34.97353179388443
2011-08-08,33.53396654999963
2011-08-09,32.33656504652933
2011-08-10,32.114575349732654
2011-08-11,30.69518234853801
2011-08-12,32.437479032920606
2011-08-15,31.959866067056783
2011-08-16,31.717700625376896
2011-08-17,31.7984069631195
2011-08-18,30.816259400066336
2011-08-19,29.813951335490238
2011-08-22,29.881227927984654
2011-08-23,29.033610808405985
2011-08-24,30.271387596772406
2011-08-25,32.41728829820538
2011-08-26,30.80281212837503
2011-08-29,32.02712536206658
2011-08-30,32.88818376403046
2011-08-31,33.473416361903354
2011-09-01,33.66851267435515
2011-09-02,31.946402784050186
2011-09-06,30.056123696661135
2011-09-07,31.455341710196716
2011-09-08,32.52491311292852
2011-09-09,31.643681421950028
2011-09-12,30.607727110310883
2011-09-13,32.60564009275104
2011-09-14,32.9621703297651
2011-09-15,33.877045979286954
2011-09-16,34.495918821428695
2011-09-19,33.7223271094947
2011-09-20,33.634868477306426
2011-09-21,33.829963189604335
2011-09-22,31.152621059631876
2011-09-23,31.219894088108717
2011-09-26,32.2558528433732
2011-09-27,33.86358477516108
2011-09-28,33.2581620868802
2011-09-29,33.0832644812915
2011-09-30,32.87473194988005
2011-10-03,32.14148580194555
2011-10-04,30.42610955362495
2011-10-05,31.42168138284458
2011-10-06,31.616775531740686
2011-10-07,33.44651439717205
2011-10-10,32.941998801877084
2011-10-11,33.46669461690426
2011-10-12,33.79632055776335
2011-10-13,34.56992685947536
2011-10-14,34.85244975813808
2011-10-17,34.1578225157498
2011-10-18,33.50079736508124
2011-10-19,34.57776338105654
2011-10-20,35.07898348673603
2011-10-21,36.54202451491964
2011-10-24,36.616530074619895
2011-10-25,36.5758976895612
2011-10-26,36.53525078463571
2011-10-27,38.34372414945524
2011-10-28,37.82893842936933
2011-10-31,36.58266206732278
2011-11-01,34.76741111800942
2011-11-02,35.553127854308016
2011-11-03,36.25076875264766
2011-11-04,35.817271257142934
2011-11-07,35.66825546093637
2011-11-08,36.57589370083447
2011-11-09,35.97983930958838
2011-11-10,35.6682788313608
2011-11-11,36.32526168112724
2011-11-14,36.11529706698916
2011-11-15,35.62761966560096
2011-11-16,35.742764361569435
2011-11-17,35.69536491164604
2011-11-18,35.39055854800267
2011-11-21,35.19413132335205
2011-11-22,34.421972971133044
2011-11-23,33.78528336576059
2011-11-25,33.05376499448677
2011-11-28,34.31359432684026
2011-11-29,34.394876643576964
2011-11-30,35.80372828679346
2011-12-01,36.521708383336225
2011-12-02,36.670717595013905
2011-12-05,37.23967436774974
2011-12-06,37.38192514631109
2011-12-07,37.07712270370182
2011-12-08,37.67317099526487
2011-12-09,37.1245311441652
2011-12-12,37.37514465711319
2011-12-13,37.08387262126877
2011-12-14,36.284622630536276
2011-12-15,37.01615426601775
2011-12-16,36.98229258072375
2011-12-19,37.34127328905373
2011-12-20,37.59189146884252
2011-12-21,38.140513748742315
2011-12-22,38.580788332942355
2011-12-23,39.4748646674874
2011-12-27,39.69160969742663
2011-12-28,39.47486312261116
2011-12-29,38.9871910431057
2011-12-30,39.42745462350274
2012-01-03,39.91513228583471
2012-01-04,39.80675364524439
2012-01-05,39.955769488387276
2012-01-06,40.362168851398955
2012-01-09,40.653425755275144
2012-01-10,41.46621651824333
2012-01-11,41.50009397340328
2012-01-12,42.00269679055957
2012-01-13,41.811966077812514
2012-01-17,42.35011074370043
2012-01-18,40.72885545779322
2012-01-19,40.43594342239671
2012-01-20,40.429131875998245
2012-01-23,40.708438672260435
2012-01-24,40.36782405941005
2012-01-25,40.28608119584626
2012-01-26,40.87190246913884
2012-01-27,39.89779604906259
2012-01-30,39.67981112207231
2012-01-31,40.51088417224248
2012-02-01,40.61306907766432
2012-02-02,40.83103133841072
2012-02-03,41.21251767133955
2012-02-06,41.880087050798906
2012-02-07,41.36919382552913
2012-02-08,41.32831928346061
2012-02-09,41.321500963970465
2012-02-10,40.606235930852456
2012-02-13,40.946832744240986
2012-02-14,40.83104676571582
2012-02-15,40.70161670797707
2012-02-16,40.53813063851974
2012-02-17,41.67573566205893
2012-02-21,41.80514922718374
2012-02-22,41.56672536446763
2012-02-23,40.66074532169592
2012-02-24,40.79698365880009
2012-02-27,40.25882716026504
2012-02-28,40.4768137265473
2012-02-29,40.558561416323315
2012-03-01,40.667554568006096
2012-03-02,40.98090563995082
2012-03-05,40.47681643164221
2012-03-06,39.46183835790268
2012-03-07,39.00543371237426
2012-03-08,39.61169635702683
2012-03-09,40.068095608316696
2012-03-12,40.36101900629637
2012-03-13,40.865093235915154
2012-03-14,42.16618419812507
2012-03-15,41.82559163933426
2012-03-16,43.28335626172087
2012-03-19,43.072187254033096
2012-03-20,43.181191914723215
2012-03-21,43.37191928710388
2012-03-22,42.901888274146586
2012-03-23,42.547671454951754
2012-03-26,43.242476865117354
2012-03-27,43.59671826028046
2012-03-28,43.051748335076695
2012-03-29,43.20161176653818
2012-03-30,43.84877474806204
2012-04-02,43.76018828001405
2012-04-03,43.910057353849304
2012-04-04,43.72613410767737
2012-04-05,43.29016694628053
2012-04-09,42.56128497808052
2012-04-10,42.70433245126562
2012-04-11,42.7452086377397
2012-04-12,42.62259819051935
2012-04-13,43.07825913350804
2012-04-16,42.43387225536142
2012-04-17,42.85890192523892
2012-04-18,43.54441382173568
2012-04-19,43.846059462017216
2012-04-20,44.29163815588483
2012-04-23,44.25736444299703
2012-04-24,44.558997257630004
2012-04-25,45.23766205313935
2012-04-26,45.24450620044355
2012-04-27,46.22482873877169
2012-04-30,45.71752398806598
2012-05-01,45.5598508297886
2012-05-02,45.87521044873809
2012-05-03,45.78607843938435
2012-05-04,45.21709621366842
2012-05-07,44.67554484190416
2012-05-08,45.107410976421505
2012-05-09,44.668682854162
2012-05-10,44.78522261478764
2012-05-11,44.55214760295038
2012-05-14,44.250499017793096
2012-05-15,43.98316269982446
2012-05-16,43.469001605848696
2012-05-17,42.79034909909598
2012-05-18,42.413297873667226
2012-05-21,42.08425973953899
2012-05-22,42.79719665092037
2012-05-23,42.24190975641335
2012-05-24,42.6738058081157
2012-05-25,42.51612341652698
2012-05-29,42.858896689073624
2012-05-30,42.714935370287996
2012-05-31,42.118534840836276
2012-06-01,41.26848772062047
2012-06-04,39.97284564854688
2012-06-05,38.80746313479319
2012-06-06,39.69863248956123
2012-06-07,40.596673647905774
2012-06-08,39.94542749885141
2012-06-11,40.93943971103261
2012-06-12,38.348155213044144
2012-06-13,39.32158776794762
2012-06-14,39.74661674686229
2012-06-15,40.068829344980976
2012-06-18,40.247060151496356
2012-06-19,40.068819864616565
2012-06-20,40.83661331085683
2012-06-21,41.16565343606302
2012-06-22,40.45956445160404
2012-06-25,40.03453489504582
2012-06-26,40.24019284959926
2012-06-27,40.47327511646795
2012-06-28,40.58296074227653
2012-06-29,41.78262371569747
2012-07-02,42.26935444479141
2012-07-03,42.13909717345828
2012-07-05,42.33791180845877
2012-07-06,41.40559542832739
2012-07-09,41.43985761118393
2012-07-10,41.515275760437106
2012-07-11,40.994265417356424
2012-07-12,41.37816406671448
2012-07-13,41.59903603780769
2012-07-16,42.43403995885003
2012-07-17,42.427148322702756
2012-07-18,42.24082215546517
2012-07-19,41.99930081656515
2012-07-20,41.93027668892136
2012-07-23,40.35686083918457
2012-07-24,39.86691747925341
2012-07-25,39.6805859023284
2012-07-26,40.46728551366835
2012-07-27,40.557003189797875
2012-07-30,40.95725453056583
2012-07-31,41.0745557268009
2012-08-01,40.85372499433235
2012-08-02,40.267147116488914
2012-08-03,40.99176106631565
2012-08-06,41.854379894624245
2012-08-07,41.688748107796094
2012-08-08,41.76466159091256
2012-08-09,42.0199942600671
2012-08-10,41.79225742500999
2012-08-13,41.73706258682959
2012-08-14,41.88888692402283
2012-08-15,41.60593690502416
2012-08-16,42.09591109691419
2012-08-17,42.64109063253113
2012-08-20,42.751509211787095
2012-08-21,42.71700174792935
2012-08-22,42.758411037734305
2012-08-23,42.8619160044154
2012-08-24,42.5375750383371
2012-08-27,43.020637121005024
2012-08-28,42.682487236977316
2012-08-29,42.88952002437112
2012-08-30,42.85501420393996
2012-08-31,42.9930441315377
2012-09-04,42.806714133563084
2012-09-05,42.93783573892588
2012-09-06,42.772214047206134
2012-09-07,43.676238496595786
2012-09-10,44.276614366661434
2012-09-11,44.18691360841653
2012-09-12,44.276620613525175
2012-09-13,44.18000251704262
2012-09-14,45.43597447629995
2012-09-17,45.877646857955895
2012-09-18,45.311759743999396
2012-09-19,45.318667081351244
2012-09-20,45.297961423236366
2012-09-21,45.83623373611854
2012-09-24,45.17373992596333
2012-09-25,45.304876160976384
2012-09-26,44.59406312577526
2012-09-27,43.979874077589955
2012-09-28,43.85566441998379
2012-10-01,43.80044127097441
2012-10-02,43.8487492493923
2012-10-03,44.30421862738743
2012-10-04,44.69758029353156
2012-10-05,45.02882612940347
2012-10-08,44.45605742346414
2012-10-09,44.54575725730105
2012-10-10,44.67687212534805
2012-10-11,44.925304369469245
2012-10-12,43.97466237361848
2012-10-15,43.73856657199154
2012-10-16,42.565077894472296
2012-10-17,41.669333627779515
2012-10-18,41.47490713589007
2012-10-19,41.54435055866085
2012-10-22,41.14855211397272
2012-10-23,40.50278648836422
2012-10-24,40.961074091181466
2012-10-25,40.62084502987821
2012-10-26,40.565280832238216
2012-10-31,40.24587822431174
2012-11-01,40.38474609596062
2012-11-02,41.4749071984484
2012-11-05,40.91941564543199
2012-11-06,40.88469584095992
2012-11-07,40.447242044569954
2012-11-08,39.40567733764649
2012-11-09,38.96129052924222
2012-11-12,39.23901973771706
2012-11-13,38.80852916653709
2012-11-14,38.29468601163902
2012-11-15,37.371169870202344
2012-11-16,37.822511848574464
2012-11-19,38.23913229147548
2012-11-20,38.107198308394835
2012-11-21,38.07248153102116
2012-11-23,38.197473934637024
2012-11-26,38.530765150811526
2012-11-27,38.51689071648631
2012-11-28,38.01693274209544
2012-11-29,38.52382486079789
2012-11-30,38.509923800116425
2012-12-03,39.14876375697115
2012-12-04,38.308569538568634
2012-12-05,38.48216498930395
2012-12-06,38.8154664677483
2012-12-07,38.68353138979432
2012-12-10,38.676591122986345
2012-12-11,38.82934994720233
2012-12-12,39.12792044853432
2012-12-13,39.2737525902058
2012-12-14,39.13487831456353
2012-12-17,39.023785454400034
2012-12-18,40.20420635945895
2012-12-19,41.57907582562107
2012-12-20,40.71110384809921
2012-12-21,40.350035476371396
2012-12-24,40.43334662602615
2012-12-26,40.70416124358586
2012-12-27,40.315311228672485
2012-12-28,39.905630671014904
2012-12-31,39.870916173375456
2013-01-02,41.32215787304965
2013-01-03,41.342986109095165
2013-01-04,41.61378845482971
2013-01-07,41.83599129751464
2013-01-08,42.22484090344167
2013-01-09,40.96800333020482
2013-01-10,42.009581042164825
2013-01-11,42.61475358363661
2013-01-14,41.88783523114385
2013-01-15,41.32169634886925
2013-01-16,41.76201435035794
2013-01-17,42.642686963059916
2013-01-18,43.51637247841268
2013-01-22,43.12495828265561
2013-01-23,42.92226950374005
2013-01-24,43.285727155473154
2013-01-25,43.36960830608369
2013-01-28,43.32767324327102
2013-01-29,42.86636784565988
2013-01-30,43.26476401287511
2013-01-31,43.1878778929444
2013-02-01,43.48841513729091
2013-02-04,43.87983544018573
2013-02-05,43.998647746432596
2013-02-06,43.80294502275687
2013-02-07,44.20834314726361
2013-02-08,44.431990079603565
2013-02-11,44.37608265890594
2013-02-12,44.837393523783625
2013-02-13,45.29170353441142
2013-02-14,44.65567235920778
2013-02-15,44.84439081971469
2013-02-19,44.704586666121216
2013-02-20,44.29220595835098
2013-02-21,43.9776754344088
2013-02-22,43.87983914056457
2013-02-25,44.20832637651802
2013-02-26,42.72655511154415
2013-02-27,42.72656129664792
2013-02-28,43.08302552165435
2013-03-01,43.348627846778896
2013-03-04,43.78196821781113
2013-03-05,44.66265178255371
2013-03-06,44.802439037517225
2013-03-07,44.94223972703687
2013-03-08,45.452459856055896
2013-03-11,45.45244497456309
2013-03-12,45.9766690629317
2013-03-13,45.8159148767181
2013-03-14,46.144405822364426
2013-03-15,46.13043534373961
2013-03-18,46.06054952496637
2013-03-19,46.32614712595483
2013-03-20,46.570771562523966
2013-03-21,46.36110277178694
2013-03-22,46.26325654432494
2013-03-25,46.43798799841744
2013-03-26,46.570771397941435
2013-03-27,46.06054961753312
2013-03-28,46.17236626031983
2013-04-01,46.41701397657274
2013-04-02,46.2352736309473
2013-04-03,46.60571482098613
2013-04-04,45.69710301458622
2013-04-05,45.24278069906555
2013-04-08,45.53633795479724
2013-04-09,46.221292078524016
2013-04-10,46.54279412378359
2013-04-11,47.025098751711475
2013-04-12,46.66613936068318
2013-04-15,46.21588100027293
2013-04-16,45.22387787631879
2013-04-17,46.159585574504305
2013-04-18,45.913362087614864
2013-04-19,46.08220104921421
2013-04-22,46.03295129023835
2013-04-23,46.124416354569966
2013-04-24,47.3767157450568
2013-04-25,48.326514098581406
2013-04-26,48.27023609536251
2013-04-29,47.960650530914684
2013-04-30,47.995845688977404
2013-05-01,47.70037042975782
2013-05-02,47.29230260443833
2013-05-03,47.784781745054595
2013-05-06,47.92547951778463
2013-05-07,48.17172281899242
2013-05-08,48.31947744245048
2013-05-09,48.516452104932114
2013-05-10,48.46721487495321
2013-05-13,48.192828308337155
2013-05-14,48.446121059958664
2013-05-15,49.32555420447425
2013-05-16,49.62104055029886
2013-05-17,49.782857482567096
2013-05-20,50.2120149338903
2013-05-21,50.155724854910865
2013-05-22,50.76782150663271
2013-05-23,49.61399187888155
2013-05-24,49.606949778407575
2013-05-28,50.697459450105846
2013-05-29,49.599915842893985
2013-05-30,50.49342147520578
2013-05-31,51.00701911757596
2013-06-03,50.47935201556001
2013-06-04,50.584893642757976
2013-06-05,49.853194274368825
2013-06-06,49.00191205671542
2013-06-07,49.803951715551044
2013-06-10,50.2823609460497
2013-06-11,50.83818352827275
2013-06-12,50.78187581701136
2013-06-13,49.83913123212374
2013-06-14,50.38789816441188
2013-06-17,50.33864294565556
2013-06-18,50.26829944588183
2013-06-19,50.493422228491795
2013-06-20,49.49440024506656
2013-06-21,50.5285965788641
2013-06-24,50.04315868150346
2013-06-25,50.19792441058551
2013-06-26,51.66130646650263
2013-06-27,51.85126514796426
2013-06-28,51.696494384474875
2013-07-01,51.52061909383016
2013-07-02,51.548744939160294
2013-07-03,51.70353662536864
2013-07-05,52.428175191706494
2013-07-08,53.64529904878886
2013-07-09,53.919681252970754
2013-07-10,53.24428380439707
2013-07-11,53.192214590076894
2013-07-12,52.5835911761102
2013-07-15,53.07188928920791
2013-07-16,53.100218825779805
2013-07-17,51.812164064304845
2013-07-18,52.30759745815423
2013-07-19,53.977773388930984
2013-07-22,54.62888962248925
2013-07-23,54.25379958239904
2013-07-24,54.68551188748866
2013-07-25,54.091009403175306
2013-07-26,53.68055041525037
2013-07-29,53.694705963134766
2013-07-30,53.82917070304751
2013-07-31,53.53192245427859
2013-08-01,54.35288789347061
2013-08-02,54.77751728484498
2013-08-05,54.699637082980466
2013-08-06,54.58643506807443
2013-08-07,53.92823521655298
2013-08-08,53.91410007255997
2013-08-09,53.8999471751837
2013-08-12,53.517781742906415
2013-08-13,53.96363828769002
2013-08-14,53.81501235294467
2013-08-15,53.25591439751916
2013-08-16,52.76759446405046
2013-08-19,52.909144228175336
2013-08-20,52.293420428029016
2013-08-21,52.61187198941866
2013-08-22,52.71098140546316
2013-08-23,53.29838670742114
2013-08-26,53.08606787576302
2013-08-27,51.890017728518046
2013-08-28,51.14690762019978
2013-08-29,51.210610882315045
2013-08-30,51.44416190110258
2013-09-03,51.698924597334184
2013-09-04,51.26722653297654
2013-09-05,51.33800347731382
2013-09-06,52.088177914305284
2013-09-09,51.82631699527829
2013-09-10,51.982018470548695
2013-09-11,52.08817348264937
2013-09-12,52.13064977227367
2013-09-13,51.86170772050186
2013-09-16,52.61188714000734
2013-09-17,52.548194444572
2013-09-18,52.95157977006876
2013-09-19,52.7746586022511
2013-09-20,52.45618689227757
2013-09-23,52.21556484011498
2013-09-24,51.50785453346097
2013-09-25,51.430018441854266
2013-09-26,51.755542490986805
2013-09-27,51.139823363434864
2013-09-30,50.920435917535734
2013-10-01,51.238895517921726
2013-10-02,51.118616183650346
2013-10-03,51.28136882314879
2013-10-04,51.51492132502803
2013-10-07,51.21059941268852
2013-10-08,50.785976560055296
2013-10-09,50.2693412270549
2013-10-10,50.85400050087273
2013-10-11,51.51628761356361
2013-10-14,51.672957758574356
2013-10-15,51.566135157905855
2013-10-16,52.52754856724972
2013-10-17,52.399346935257334
2013-10-18,53.09013159847625
2013-10-21,53.42482188906344
2013-10-22,53.47467997450415
2013-10-23,53.5886353858102
2013-10-24,53.602859553649296
2013-10-25,53.28239340495968
2013-10-28,53.6028639218837
2013-10-29,53.83074363006968
2013-10-30,53.631350589191044
2013-10-31,53.13284890541572
2013-11-01,52.42782927979182
2013-11-04,52.30677478750926
2013-11-05,51.95070209612816
2013-11-06,52.67708304867622
2013-11-07,52.76253676742829
2013-11-08,52.18571544469101
2013-11-11,53.78088403135364
2013-11-12,53.52453420703346
2013-11-13,52.66284301523186
2013-11-14,52.63435481789382
2013-11-15,53.36785076109035
2013-11-18,53.55300407773615
2013-11-19,53.72393205102891
2013-11-20,53.909079586437734
2013-11-21,53.70968363292945
2013-11-22,54.36485775338362
2013-11-25,54.79925191894548
2013-11-26,54.45744482000296
2013-11-27,54.51440829231077
2013-11-29,55.297761249500724
2013-12-02,54.728036660157635
2013-12-03,54.99154427801375
2013-12-04,53.83075418979889
2013-12-05,53.66696605997148
2013-12-06,54.094236880310326
2013-12-09,54.67108363091375
2013-12-10,54.05863892188487
2013-12-11,54.450306101616164
2013-12-12,53.7595294892934
2013-12-13,53.95894423823992
2013-12-16,53.48179380212981
2013-12-17,53.74527891500218
2013-12-18,53.23966610228689
2013-12-19,53.68118562857202
2013-12-20,54.32214254991218
2013-12-23,54.6426010955355
2013-12-24,54.898931471242626
2013-12-26,55.06275389132181
2013-12-27,55.19806036763942
2013-12-30,55.68940966252658
2013-12-31,55.2194423126871
2014-01-02,54.16545002263398
2014-01-03,54.69953612487278
2014-01-06,55.041385528531585
2014-01-07,54.61411123270443
2014-01-08,55.190932815583814
2014-01-09,56.22354098477248
2014-01-10,56.316127268310176
2014-01-13,55.880514112874785
2014-01-14,55.58689990011865
2014-01-15,55.9592935235643
2014-01-16,57.7854563751774
2014-01-17,58.83102929043396
2014-01-21,59.26071949879477
2014-01-22,60.313441173979506
2014-01-23,59.912392317571125
2014-01-24,58.816700494388115
2014-01-27,58.11488335457354
2014-01-28,58.286755048689365
2014-01-29,57.721011044267385
2014-01-30,57.935858025992495
2014-01-31,57.52765026667944
2014-02-03,57.20537601201731
2014-02-04,56.482085072213486
2014-02-05,56.482093460336024
2014-02-06,56.51072966860519
2014-02-07,57.3056322729679
2014-02-10,57.35577795318582
2014-02-11,57.16240308123007
2014-02-12,58.107724688668725
2014-02-13,57.6135913971108
2014-02-14,58.01463404112102
2014-02-18,59.81929366270856
2014-02-19,58.12203968533921
2014-02-20,57.26984511073652
2014-02-21,57.29132446682915
2014-02-24,57.49184158058176
2014-02-25,58.19366182336755
2014-02-26,58.05759249204524
2014-02-27,58.00030141500551
2014-02-28,58.35120850889844
2014-03-03,57.87855971868981
2014-03-04,57.4703631314689
2014-03-05,58.809542291795
2014-03-06,59.468384965993366
2014-03-07,59.7262114141947
2014-03-10,60.02696209828295
2014-03-11,60.19886547722505
2014-03-12,59.29652965912733
2014-03-13,60.04128994925328
2014-03-14,59.26070916630404
2014-03-17,59.625943916447056
2014-03-18,60.2991043044268
2014-03-19,60.67866694737344
2014-03-20,60.735944887941514
2014-03-21,62.72681789386945
2014-03-24,62.469029318385935
2014-03-25,62.41172453345552
2014-03-26,62.29713579827543
2014-03-27,61.10834338667929
2014-03-28,61.323168344490576
2014-03-31,61.73854607009749
2014-04-01,62.433224024113
2014-04-02,62.66235866984324
2014-04-03,62.69819792235173
2014-04-04,62.89871304888562
2014-04-07,61.61679239179468
2014-04-08,60.829059424831854
2014-04-09,60.707297685792994
2014-04-10,60.592725785666524
2014-04-11,58.312114486654494
2014-04-14,59.01806092004252
2014-04-15,58.938828211665154
2014-04-16,59.91126341096769
2014-04-17,60.444363383593775
2014-04-21,60.51637167878013
2014-04-22,60.24263779235143
2014-04-23,60.86937089057892
2014-04-24,61.258338398641754
2014-04-25,60.71087069914297
2014-04-28,60.588402502691594
2014-04-29,60.17782856296173
2014-04-30,60.16341825225309
2014-05-01,60.480377462308525
2014-05-02,60.55962120940961
2014-05-05,60.869343224833244
2014-05-06,60.33631193958361
2014-05-07,59.98332121709814
2014-05-08,60.19222260740194
2014-05-09,60.31469320336712
2014-05-12,60.919786144626606
2014-05-13,61.60410809593571
2014-05-14,61.03502829663529
2014-05-15,59.83205126212361
2014-05-16,59.44307918631804
2014-05-19,59.45747022375115
2014-05-20,59.788846550554226
2014-05-21,59.75281619257155
2014-05-22,60.1922446603591
2014-05-23,60.653252581104574
2014-05-27,61.143094319961925
2014-05-28,60.99900529872392
2014-05-29,60.91256405724244
2014-05-30,60.96299697493673
2014-06-02,61.596901186273605
2014-06-03,61.52485633856804
2014-06-04,61.351966501130754
2014-06-05,61.83461903940669
2014-06-06,62.56936342366353
2014-06-09,62.91513919538931
2014-06-10,63.455414477289594
2014-06-11,63.34736084669733
2014-06-12,62.86471509684427
2014-06-13,62.943950670082415
2014-06-16,63.138437037655606
2014-06-17,63.152838125596006
2014-06-18,63.621069718639056
2014-06-19,63.8803901365907
2014-06-20,64.09651826762449
2014-06-23,64.52870699651517
2014-06-24,64.21175352544586
2014-06-25,63.90201640364269
2014-06-26,63.80116296515574
2014-06-27,63.786791108154475
2014-06-30,64.10373280334976
2014-07-01,64.42787600069455
2014-07-02,64.26937933282132
2014-07-03,64.4854946194624
2014-07-07,63.520230098707046
2014-07-08,64.06050524977398
2014-07-09,63.63548158175759
2014-07-10,62.84310864917516
2014-07-11,62.90746846106133
2014-07-14,63.740425797616304
2014-07-15,63.610038933208465
2014-07-16,62.56703488739696
2014-07-17,60.95178337773429
2014-07-18,60.78519154287844
2014-07-21,60.41579075093097
2014-07-22,60.94456579154647
2014-07-23,60.69826611209257
2014-07-24,60.79242663419563
2014-07-25,61.11838406532751
2014-07-28,61.205296033424496
2014-07-29,60.77793300374573
2014-07-30,60.879351988034955
2014-07-31,60.62583770680096
2014-08-01,59.78563139989375
2014-08-04,59.64075012949062
2014-08-05,58.40217537084999
2014-08-06,59.11922711036118
2014-08-07,59.37276281270795
2014-08-08,58.90919535899077
2014-08-11,59.459689742296604
2014-08-12,59.09752106992235
2014-08-13,59.59004555066261
2014-08-14,59.53934316615656
2014-08-15,59.79286052905086
2014-08-18,59.66248498502008
2014-08-19,60.19124338338849
2014-08-20,60.010183634263946
2014-08-21,60.524421004567756
2014-08-22,61.06766414564174
2014-08-25,61.56023153951668
2014-08-26,61.74129669755074
2014-08-27,61.78474732455593
2014-08-28,61.25600081073634
2014-08-29,61.58194786319262
2014-09-02,61.38637148087449
2014-09-03,62.05275036220774
2014-09-04,61.67610330845669
2014-09-05,61.45156613245408
2014-09-08,61.7847605379868
2014-09-09,61.65439166302141
2014-09-10,61.335665758710384
2014-09-11,61.95135473572375
2014-09-12,62.175906424039184
2014-09-15,62.65395666751595
2014-09-16,62.5018304641462
2014-09-17,62.66840578958474
2014-09-18,63.57385942405626
2014-09-19,64.03016914982837
2014-09-22,63.566591522604085
2014-09-23,63.1682319494721
2014-09-24,62.36421280831484
2014-09-25,62.719117658432495
2014-09-26,61.86441832512804
2014-09-29,61.581963752177224
2014-09-30,62.24832464151936
2014-10-01,61.987583114952585
2014-10-02,60.90108687470146
2014-10-03,61.466057463221134
2014-10-06,61.907894987364344
2014-10-07,61.21976794993382
2014-10-08,60.32159536175564
2014-10-09,61.48779085591349
2014-10-10,60.300846338231786
2014-10-13,59.70346787557976
2014-10-14,59.14249604341655
2014-10-15,58.96764381743598
2014-10-16,55.8932089523962
2014-10-17,57.933112033631296
2014-10-20,57.75827662635835
2014-10-21,58.3775223343981
2014-10-22,59.20804701933312
2014-10-23,59.5432010988641
2014-10-24,59.51404102916863
2014-10-27,60.31544637841071
2014-10-28,60.46115108429126
2014-10-29,61.1605409157828
2014-10-30,61.77247414631735
2014-10-31,62.66859230182809
2014-11-03,63.17128923051176
2014-11-04,63.17856659118116
2014-11-05,63.71041150202322
2014-11-06,63.739528459842155
2014-11-07,64.18395572451404
2014-11-10,64.19852838532591
2014-11-11,64.69392555394835
2014-11-12,63.834275247865904
2014-11-13,64.17664348570032
2014-11-14,63.79782188718356
2014-11-17,63.67397789165336
2014-11-18,63.579259193807474
2014-11-19,63.84154886732927
2014-11-20,63.06203241820301
2014-11-21,63.965373591235114
2014-11-24,63.61566092780997
2014-11-25,64.26408455513956
2014-11-26,64.09654469755526
2014-11-28,64.4316556276088
2014-12-01,63.65212059864265
2014-12-02,63.09117739873639
2014-12-03,63.74684627802504
2014-12-04,64.19853480897469
2014-12-05,64.72306264304245
2014-12-08,65.6482998760518
2014-12-09,65.1456000932352
2014-12-10,65.8377031733053
2014-12-11,64.86875554804804
2014-12-12,64.14753015464542
2014-12-15,64.33694711976405
2014-12-16,63.25869376994111
2014-12-17,63.81969412201909
2014-12-18,66.13642674500903
2014-12-19,67.4915028255949
2014-12-22,66.81398296348968
2014-12-23,67.22196088991345
2014-12-24,67.42591400516403
2014-12-26,67.43322060751495
2014-12-29,67.15636318195351
2014-12-30,67.41138476708228
2014-12-31,67.45505885933046
2015-01-02,66.90865350599208
2015-01-05,65.72117931019571
2015-01-06,64.36608678428621
2015-01-07,63.24414597664522
2015-01-08,63.739568401053354
2015-01-09,64.42437131558569
2015-01-12,63.14944292235766
2015-01-13,63.11491824344738
2015-01-14,60.93172580179203
2015-01-15,60.52876692408451
2015-01-16,60.711921712906225
2015-01-20,62.07461828661523
2015-01-21,61.4958563978027
2015-01-22,62.499525609114755
2015-01-23,63.57649829588696
2015-01-26,63.00502557139576
2015-01-27,62.82920717998689
2015-01-28,62.9757368080559
2015-01-29,61.28340339657089
2015-01-30,61.86946733315462
2015-02-02,62.279749259421514
2015-02-03,63.510556522488734
2015-02-04,63.90614360201364
2015-02-05,64.38233027877897
2015-02-06,66.03074329122582
2015-02-09,65.56920272360259
2015-02-10,66.13330656565329
2015-02-11,65.83291439745759
2015-02-12,66.15529889056775
2015-02-13,67.00513206694603
2015-02-17,67.4373788867984
2015-02-18,67.53260403214131
2015-02-19,66.61680736452996
2015-02-20,66.76335865891042
2015-02-23,67.2468578957176
2015-02-24,67.01979592202733
2015-02-25,67.50330309981614
2015-02-26,67.64984052706498
2015-02-27,67.18830570737163
2015-03-02,67.37143643802173
2015-03-03,67.76705297310055
2015-03-04,67.14431347343474
2015-03-05,67.5106133178415
2015-03-06,67.95752045639655
2015-03-09,68.6022212151294
2015-03-10,68.30916016999906
2015-03-11,68.27256730089057
2015-03-12,69.29821627383753
2015-03-13,70.68284795155229
2015-03-16,70.492354091072
2015-03-17,69.76707684848994
2015-03-18,69.8696482451949
2015-03-19,70.27259349620441
2015-03-20,69.72311625074443
2015-03-23,70.39713758242412
2015-03-24,69.59855893697369
2015-03-25,69.15168916928154
2015-03-26,67.75239770571066
2015-03-27,67.75970604861537
2015-03-30,67.86227977106562
2015-03-31,68.38973894592186
2015-04-01,68.36778953175464
2015-04-02,67.81100487682102
2015-04-06,67.43737228797356
2015-04-07,68.08203931672043
2015-04-08,68.16267816427903
2015-04-09,67.99413834208949
2015-04-10,68.38977211493916
2015-04-13,68.35980312181715
2015-04-14,68.38923340212469
2015-04-15,68.2345544400009
2015-04-16,67.80730632471243
2015-04-17,67.29165486236475
2015-04-20,67.57891052962788
2015-04-21,67.35058097399983
2015-04-22,67.08538698385502
2015-04-23,67.27690407596074
2015-04-24,67.18116887576448
2015-04-27,67.36530815836211
2015-04-28,66.79073169399402
2015-04-29,67.13695706647648
2015-04-30,67.6231508765016
2015-05-01,68.0135454289734
2015-05-04,67.93253725867429
2015-05-05,68.3745021815164
2015-05-06,68.72809913491768
2015-05-07,68.1682641269683
2015-05-08,68.52183975096105
2015-05-11,68.83123096840808
2015-05-12,68.6838805957584
2015-05-13,68.91960598315096
2015-05-14,69.95092010498047
2015-05-15,69.95091958409081
2015-05-18,69.12586677803327
2015-05-19,69.80357830029664
2015-05-20,70.2234668984996
2015-05-21,69.83306132434174
2015-05-22,69.97300452877062
2015-05-26,69.91405465283954
2015-05-27,69.98038110214318
2015-05-28,70.63597251992542
2015-05-29,70.67280632200581
2015-06-01,70.82013822604436
2015-06-02,69.56786982602355
2015-06-03,70.20135484072793
2015-06-04,70.41500413948641
2015-06-05,70.7759588291169
2015-06-08,70.96746194817098
2015-06-09,70.96010105484935
2015-06-10,72.16818853108639
2015-06-11,73.01531342579959
2015-06-12,72.56596442385094
2015-06-15,71.82197237508827
2015-06-16,72.07977063290062
2015-06-17,72.78695253644503
2015-06-18,72.02086226124729
2015-06-19,71.78510814333193
2015-06-22,72.18290999632538
2015-06-23,72.89007637942812
2015-06-24,72.58070690736643
2015-06-25,72.49228665476952
2015-06-26,72.08714554854136
2015-06-29,71.03375189049322
2015-06-30,71.28422629349765
2015-07-01,71.37264460361341
2015-07-02,71.3431595671477
2015-07-06,70.08349261369686
2015-07-07,70.6359647150712
2015-07-08,69.93615802936573
2015-07-09,70.3560712102979
2015-07-10,70.90853744453169
2015-07-13,71.5378412728247
2015-07-14,71.32308059884951
2015-07-15,71.29346234704393
2015-07-16,73.58178885833509
2015-07-17,73.06340514871432
2015-07-20,73.39666977703557
2015-07-21,73.77434106000203
2015-07-22,73.51516012927604
2015-07-23,73.9076337428205
2015-07-24,73.18187073993988
2015-07-27,72.30802427346545
2015-07-28,72.86345358808816
2015-07-29,72.82642679494872
2015-07-30,72.78938338984013
2015-07-31,73.12262654158828
2015-08-03,72.74496888570272
2015-08-04,72.54503436407691
2015-08-05,73.10785853631322
2015-08-06,73.1670643043835
2015-08-07,72.84863882428284
2015-08-10,72.93750633809844
2015-08-11,72.8708815724315
2015-08-12,71.78964994972765
2015-08-13,69.95305671554343
2015-08-14,71.37492982601937
2015-08-17,71.77484532546482
2015-08-18,72.53759798561835
2015-08-19,72.90047684429904
2015-08-20,71.76003853393378
2015-08-21,69.74569075731624
2015-08-24,64.94688082792493
2015-08-25,67.79064052427174
2015-08-26,65.04317217285994
2015-08-27,66.6946054055811
2015-08-28,67.34628810271408
2015-08-31,67.19820633590601
2015-09-01,66.0206981699815
2015-09-02,65.90962024247989
2015-09-03,66.19842552345028
2015-09-04,65.54673952945582
2015-09-08,66.30210389476078
2015-09-09,68.33123025573657
2015-09-10,66.35393738380354
2015-09-11,66.60574477888888
2015-09-14,66.94639999870313
2015-09-15,67.45737564988359
2015-09-16,68.07945994479923
2015-09-17,67.90911453522425
2015-09-18,65.28754236535033
2015-09-21,65.28754414891928
2015-09-22,64.76915684965843
2015-09-23,64.87284788813595
2015-09-24,64.3692561058157
2015-09-25,65.98365905511258
2015-09-28,65.48750184337075
2015-09-29,64.67288835194343
2015-09-30,65.73187496278622
2015-10-01,65.96886247051997
2015-10-02,64.3248098365706
2015-10-05,65.91702068252278
2015-10-06,66.91676753942738
2015-10-07,67.1982038707912
2015-10-08,66.9241968137756
2015-10-09,67.23521020731994
2015-10-12,66.37616359266266
2015-10-13,66.26409630595761
2015-10-14,65.60868243834636
2015-10-15,64.64045567177386
2015-10-16,65.70553654735059
2015-10-19,64.91603884214649
2015-10-20,64.33510637160533
2015-10-21,65.91405824369215
2015-10-22,65.62359995640615
2015-10-23,67.10571865185851
2015-10-26,67.76857834819052
2015-10-27,66.80036763432638
2015-10-28,66.77803007903654
2015-10-29,68.87087855032459
2015-10-30,68.58038101952467
2015-11-02,67.64941937780603
2015-11-03,68.0963193754343
2015-11-04,68.52083729749675
2015-11-05,68.60275889579665
2015-11-06,70.7477539884693
2015-11-09,71.11269924656874
2015-11-10,70.18172604363048
2015-11-11,71.48510610548406
2015-11-12,70.03274600575669
2015-11-13,69.31029173567427
2015-11-16,68.66233128248278
2015-11-17,69.74228422837442
2015-11-18,69.6231269534402
2015-11-19,69.81674930568846
2015-11-20,71.27657166969317
2015-11-23,70.98608670369948
2015-11-24,70.15190612640849
2015-11-25,70.78498680688243
2015-11-27,70.73286371391477
2015-11-30,71.12013364278465
2015-12-01,71.61918220373268
2015-12-02,71.70853706104946
2015-12-03,71.1499471288404
2015-12-04,70.24126602466355
2015-12-07,72.12562039810486
2015-12-08,71.09780613986003
2015-12-09,70.13700140944482
2015-12-10,69.6976081710342
2015-12-11,69.07942840003004
2015-12-14,69.0644974070572
2015-12-15,69.8093035820063
2015-12-16,71.19460762751567
2015-12-17,72.53525061891688
2015-12-18,70.688172087046
2015-12-21,70.36044633141533
2015-12-22,70.53920688565627
2015-12-23,70.97119521248092
2015-12-24,71.43297215071158
2015-12-28,71.30634527935909
2015-12-29,71.8947313152064
2015-12-30,72.21499943839895
2015-12-31,71.14248953498739
2016-01-04,70.01042612902094
2016-01-05,69.43693510336101
2016-01-06,68.02925300921798
2016-01-07,67.0386955015796
2016-01-08,66.99400509608618
2016-01-11,65.8246611081267
2016-01-12,66.40561498899086
2016-01-13,66.52478536033081
2016-01-14,64.2974986930816
2016-01-15,63.361016096300105
2016-01-19,65.28647180303237
2016-01-20,62.78410822777468
2016-01-21,63.33852188921344
2016-01-22,64.27503468229129
2016-01-25,64.18511704929521
2016-01-26,62.45443248610635
2016-01-27,63.27109025494922
2016-01-28,64.14767510871857
2016-01-29,64.10272659902736
2016-02-01,64.91935749576824
2016-02-02,63.57824482077264
2016-02-03,62.98638781438157
2016-02-04,62.37951874133106
2016-02-05,63.825517974977075
2016-02-08,61.7726451411175
2016-02-09,60.29670009346015
2016-02-10,61.98993859613767
2016-02-11,59.33770999609713
2016-02-12,59.719816207663676
2016-02-16,61.7052273211461
2016-02-17,63.03882028479529
2016-02-18,62.971397099631034
2016-02-19,61.308145911753435
2016-02-22,62.049856544715944
2016-02-23,62.88898091274474
2016-02-24,61.09836059002641
2016-02-25,61.86254425990734
2016-02-26,62.806575248139445
2016-02-29,62.70917233992806
2016-03-01,61.3006419526786
2016-03-02,63.38346824647308
2016-03-03,64.15515651431241
2016-03-04,65.32392760954816
2016-03-07,64.82196311914916
2016-03-08,64.49231455997763
2016-03-09,64.24505814821023
2016-03-10,63.97532824201848
2016-03-11,64.61220159111886
2016-03-14,64.39490394590445
2016-03-15,63.72809606473827
2016-03-16,64.13268242890041
2016-03-17,63.37596804082025
2016-03-18,64.16265182333493
2016-03-21,64.5447418526507
2016-03-22,64.1251644866758
2016-03-23,64.4023942449742
2016-03-24,63.47338291527895
2016-03-28,63.967845574724876
2016-03-29,63.196167899585795
2016-03-30,63.683149943304706
2016-03-31,63.832991087637055
2016-04-01,63.42093252419045
2016-04-04,63.75057190968263
2016-04-05,63.226112288128355
2016-04-06,62.0348671614695
2016-04-07,62.162257362983674
2016-04-08,61.4055448097245
2016-04-11,61.7052049822447
2016-04-12,61.39057022086485
2016-04-13,62.811090783237155
2016-04-14,62.569831299308646
2016-04-15,63.76845686316709
2016-04-18,62.9316806644289
2016-04-19,64.35646393977402
2016-04-20,65.35156936630163
2016-04-21,66.0903324978518
2016-04-22,66.16572661657928
2016-04-25,65.99988507181203
2016-04-26,66.24109940032642
2016-04-27,66.89697815750986
2016-04-28,66.33910395493129
2016-04-29,66.10543473429657
2016-05-02,66.73110846051688
2016-05-03,65.32141782262806
2016-05-04,64.8314014679859
2016-05-05,64.4167919904708
2016-05-06,64.002171557507
2016-05-09,63.97200843978568
2016-05-10,64.67308950165138
2016-05-11,65.05002592090223
2016-05-12,65.3213911422195
2016-05-13,64.78618143771119
2016-05-16,63.67046521808342
2016-05-17,64.16800644817953
2016-05-18,64.30369300087393
2016-05-19,66.23355980110188
2016-05-20,66.58787697510918
2016-05-23,66.48235044732519
2016-05-24,66.64065962797528
2016-05-25,67.45480495570595
2016-05-26,68.10311556875446
2016-05-27,67.72620551383397
2016-05-31,68.43481083971474
2016-06-01,67.02510866041595
2016-06-02,67.53773201863888
2016-06-03,66.79896892152345
2016-06-06,66.94971898206657
2016-06-07,67.77142766299212
2016-06-08,67.01759099642624
2016-06-09,66.99494923569002
2016-06-10,65.81892827288087
2016-06-13,65.37418318942588
2016-06-14,64.86909747620899
2016-06-15,63.82879103607809
2016-06-16,62.89399538097601
2016-06-17,63.20309881428078
2016-06-20,64.2433917794317
2016-06-21,63.84385540590722
2016-06-22,63.81368593307664
2016-06-23,64.71832712583023
2016-06-24,61.89136834199484
2016-06-27,60.134884580183446
2016-06-28,59.75797101400129
2016-06-29,60.23290260232438
2016-06-30,61.09230393868908
2016-07-01,61.08472636638847
2016-07-05,60.33090687220328
2016-07-06,59.064417024259505
2016-07-07,60.142423413286124
2016-07-08,60.74551426878999
2016-07-11,61.23552030168569
2016-07-12,61.77829752620809
2016-07-13,62.01198818211256
2016-07-14,63.3030077258054
2016-07-15,64.53247306705126
2016-07-18,61.98243699663694
2016-07-19,62.073513335290514
2016-07-20,62.885569260915744
2016-07-21,62.824852649328925
2016-07-22,62.680651411549015
2016-07-25,62.69585817317084
2016-07-26,62.76413504197506
2016-07-27,62.862810210444046
2016-07-28,62.536450982461275
2016-07-29,62.771726876529335
2016-08-01,63.06013023708248
2016-08-02,62.51370626747819
2016-08-03,62.36190170438402
2016-08-04,63.79630369456241
2016-08-05,64.29721090530421
2016-08-08,65.54185837476174
2016-08-09,65.57982211702004
2016-08-10,65.32935579402125
2016-08-11,64.82088904190613
2016-08-12,64.22889555596801
2016-08-15,64.57041886803584
2016-08-16,64.64631822713135
2016-08-17,65.00301712143023
2016-08-18,65.06373448491543
2016-08-19,64.74496945874303
2016-08-22,64.74496669560787
2016-08-23,65.25347755402613
2016-08-24,65.10927072107651
2016-08-25,64.9802560908054
2016-08-26,65.50391258349826
2016-08-29,65.86064871929658
2016-08-30,66.72579834419477
2016-08-31,67.9021433409012
2016-09-01,68.52448997599075
2016-09-02,68.3726927100163
2016-09-06,68.57761502243588
2016-09-07,67.97804260674145
2016-09-08,68.70662244672361
2016-09-09,68.71421868102436
2016-09-12,67.75036229681945
2016-09-13,68.19814082371788
2016-09-14,68.15260855876556
2016-09-15,67.59099329571836
2016-09-16,67.56822026728484
2016-09-19,68.22091119311754
2016-09-20,69.00262478369204
2016-09-21,69.00262160532563
2016-09-22,69.01020221474334
2016-09-23,68.19814809647684
2016-09-26,67.454382700049
2016-09-27,66.31596470322445
2016-09-28,67.44680132961767
2016-09-29,67.71244585209314
2016-09-30,67.97804327364067
2016-10-03,67.9628713507119
2016-10-04,68.47896536397401
2016-10-05,68.88878157418513
2016-10-06,69.63252828347512
2016-10-07,69.65529810126942
2016-10-10,69.66288295835434
2016-10-11,69.54902635868383
2016-10-12,68.79768981779308
2016-10-13,67.95902545028521
2016-10-14,68.40955118092133
2016-10-17,67.51616417587144
2016-10-18,68.31028001101313
2016-10-19,68.8982139166906
2016-10-20,69.63126052538115
2016-10-21,70.85299138238611
2016-10-24,71.3035087071389
2016-10-25,71.47914013672789
2016-10-26,70.95227016102498
2016-10-27,72.21982789599637
2016-10-28,73.07503952108613
2016-10-31,72.891771128069
2016-11-01,73.35754594708231
2016-11-02,72.60924548246754
2016-11-03,72.57871120681415
2016-11-04,72.68559828416764
2016-11-07,73.3117377758677
2016-11-08,73.26591061789142
2016-11-09,75.05271051760452
2016-11-10,78.20630326605311
2016-11-11,80.50470528919207
2016-11-14,81.63481081754057
2016-11-15,81.61190203637247
2016-11-16,82.2685853298881
2016-11-17,82.10060428536914
2016-11-18,84.6891607605326
2016-11-21,85.02511624766895
2016-11-22,84.658625508178
2016-11-23,84.99457693059406
2016-11-25,84.93348970923239
2016-11-28,84.93350162797192
2016-11-29,83.99430358104613
2016-11-30,84.4524370420474
2016-12-01,84.93349967588806
2016-12-02,85.8421624637538
2016-12-05,85.55199998636697
2016-12-06,85.10911244417692
2016-12-07,85.29238032148257
2016-12-08,86.53701980791641
2016-12-09,87.4762131732765
2016-12-12,87.57549810226008
2016-12-13,87.21660502931427
2016-12-14,86.86535133338509
2016-12-15,88.40779748770879
2016-12-16,88.56052365506416
2016-12-19,87.37695258647159
2016-12-20,89.17903066036814
2016-12-21,90.301496036584
2016-12-22,89.91206375673777
2016-12-23,89.71351740248524
2016-12-27,90.01897182720269
2016-12-28,90.39313953184774
2016-12-29,89.55317518750383
2016-12-30,88.7361343837324
2017-01-03,90.6985644364796
2017-01-04,90.34729695410711
2017-01-05,90.41601326767002
2017-01-06,90.26331020299848
2017-01-09,90.33967102193118
2017-01-10,90.11059270643986
2017-01-11,90.04951036906121
2017-01-12,92.14710496369676
2017-01-13,91.24963886263457
2017-01-17,90.46726130486884
2017-01-18,87.97427844613183
2017-01-19,89.49306070617041
2017-01-20,89.20158039849298
2017-01-23,89.60046301403534
2017-01-24,90.12974454967028
2017-01-25,92.04740198661838
2017-01-26,92.94486654697337
2017-01-27,93.0752457101229
2017-01-30,92.79145187826286
2017-01-31,92.1701154620208
2017-02-01,93.32072746551115
2017-02-02,92.20080670168473
2017-02-03,93.71958517780124
2017-02-06,93.28235974415202
2017-02-07,94.20282454503203
2017-02-08,93.73492128508006
2017-02-09,93.16730869034849
2017-02-10,94.57870881824255
2017-02-13,95.11564070052093
2017-02-14,95.52983406503365
2017-02-15,96.86453269511607
2017-02-16,97.64692760052172
2017-02-17,96.4426479391161
2017-02-21,97.74665747372289
2017-02-22,97.24806347446146
2017-02-23,98.06114658715234
2017-02-24,97.35544359909584
2017-02-27,97.56257527280499
2017-02-28,97.69297763198429
2017-03-01,100.08618963815707
2017-03-02,100.46972025339498
2017-03-03,97.73132520460392
2017-03-06,97.23273567788358
2017-03-07,97.72364044189453
2017-03-08,98.88957759047459
2017-03-09,98.21456570769087
2017-03-10,98.37566569423961
2017-03-13,97.14834650327266
2017-03-14,96.57306010549043
2017-03-15,97.21737890147116
2017-03-16,96.47333949971542
2017-03-17,96.5883882581939
2017-03-20,95.2383589300174
2017-03-21,95.21534576467859
2017-03-22,90.43655990395202
2017-03-23,91.02719390899374
2017-03-24,91.97068901146956
2017-03-27,89.36267699453485
2017-03-28,90.55929581191201
2017-03-29,92.10107994219426
2017-03-30,91.44910511497531
2017-03-31,92.79145634364052
2017-04-03,92.54597592621198
2017-04-04,91.53347233846006
2017-04-05,92.64570731738094
2017-04-06,90.70504056610285
2017-04-07,90.91212966189066
2017-04-10,91.34169401116066
2017-04-11,90.08371424576029
2017-04-12,90.15865064352643
2017-04-13,90.9370028128615
2017-04-17,89.38031186454376
2017-04-18,90.48234558892506
2017-04-19,90.52088439981578
2017-04-20,90.40527231188348
2017-04-21,91.36089841801713
2017-04-24,93.24896602956235
2017-04-25,94.0658655682674
2017-04-26,93.47246771467589
2017-04-27,94.1506562405759
2017-04-28,93.01006751210821
2017-05-01,93.01007870126011
2017-05-02,93.62659098123224
2017-05-03,92.52455419419864
2017-05-04,95.32203057615818
2017-05-05,95.37596866490063
2017-05-08,94.93670525946348
2017-05-09,95.28348905056741
2017-05-10,93.88863881180234
2017-05-11,94.0350338155358
2017-05-12,92.90218884504452
2017-05-15,93.07943713130241
2017-05-16,94.25852257735295
2017-05-17,94.49743422618347
2017-05-18,90.37443245552807
2017-05-19,90.55941196849771
2017-05-22,91.87722702694501
2017-05-23,92.05446509469667
2017-05-24,93.90404306232946
2017-05-25,93.21814599919493
2017-05-26,93.21816996661839
2017-05-30,92.86365487022519
2017-05-31,91.61518866512785
2017-06-01,91.97740588604005
2017-06-02,91.65373330050309
2017-06-05,92.06216728936204
2017-06-06,90.62103522679963
2017-06-07,91.3993944156874
2017-06-08,92.40128107445157
2017-06-09,93.85781160508894
2017-06-12,94.92898660885194
2017-06-13,95.09083229522211
2017-06-14,94.6284409045665
2017-06-15,95.00607424859754
2017-06-16,94.6823859455366
2017-06-19,95.21413863554805
2017-06-20,95.30660626251688
2017-06-21,95.17559553619618
2017-06-22,93.9117273132838
2017-06-23,93.64201707189977
2017-06-26,92.47063269116839
2017-06-27,93.49557409248298
2017-06-28,94.16604467409415
2017-06-29,97.58773706257372
2017-06-30,97.10223492314792
2017-07-03,96.83249141877454
2017-07-05,97.08684580527449
2017-07-06,97.21784574879325
2017-07-07,97.8420518873463
2017-07-10,97.22554966327927
2017-07-11,98.14264272281923
2017-07-12,97.85747208084615
2017-07-13,98.3990262034261
2017-07-14,97.60058285749493
2017-07-17,98.48432026012108
2017-07-18,97.90289559682822
2017-07-19,97.7323722938343
2017-07-20,97.98041263197213
2017-07-21,97.9959434075142
2017-07-24,97.864142044918
2017-07-25,100.30609400249449
2017-07-26,100.13554294704689
2017-07-27,98.67037318743562
2017-07-28,98.89518747312076
2017-07-31,99.15876121780893
2017-08-01,100.46112858718007
2017-08-02,101.26735489179828
2017-08-03,101.16658369482981
2017-08-04,101.79451997227466
2017-08-07,102.28292473106464
2017-08-08,101.24411718042136
2017-08-09,102.06583485534992
2017-08-10,101.08905745327155
2017-08-11,99.7866937668216
2017-08-14,100.32936540136409
2017-08-15,102.15110859623462
2017-08-16,101.49216763429447
2017-08-17,100.45339769021815
2017-08-18,98.1819648255391
2017-08-21,98.7168592681787
2017-08-22,98.36800786837665
2017-08-23,98.14322394101777
2017-08-24,99.08124039236691
2017-08-25,99.36806135815527
2017-08-28,99.57738033503577
2017-08-29,97.70910741800417
2017-08-30,98.10446036673106
2017-08-31,97.90291248836435
2017-09-01,97.54631137579946
2017-09-05,97.41450496133264
2017-09-06,96.49199283023657
2017-09-07,95.75552272831187
2017-09-08,93.41435752066721
2017-09-11,95.35241417608978
2017-09-12,96.27493635671559
2017-09-13,97.65484218898905
2017-09-14,98.59284731134024
2017-09-15,98.23626046594919
2017-09-18,99.79444243383519
2017-09-19,100.65493268894534
2017-09-20,102.02707032789476
2017-09-21,103.37599182128906
2017-09-22,103.02712108098568
2017-09-25,103.34497994184186
2017-09-26,102.99610220088256
2017-09-27,104.02715456264917
2017-09-28,104.27523239634661
2017-09-29,104.09691270696457
2017-10-02,104.85662336160968
2017-10-03,104.83338794939598
2017-10-04,104.01938569451363
2017-10-05,103.74032753096772
2017-10-06,105.60860230403365
2017-10-09,105.43030426324556
2017-10-10,105.0659473117459
2017-10-11,105.63965352654837
2017-10-12,106.52338701874477
2017-10-13,106.20553235205534
2017-10-16,104.09147035098752
2017-10-17,105.65841543180453
2017-10-18,105.12830498936785
2017-10-19,104.34091290468464
2017-10-20,106.67970128831094
2017-10-23,106.85902569171553
2017-10-24,106.87461096472194
2017-10-25,108.54294444932327
2017-10-26,107.83351240198112
2017-10-27,107.04611626379639
2017-10-30,106.92135751525774
2017-10-31,106.9603607753789
2017-11-01,107.49048055740722
2017-11-02,106.96034787624198
2017-11-03,107.29559115938432
2017-11-06,107.56844559823509
2017-11-07,107.95824714641272
2017-11-08,104.14599766900685
2017-11-09,103.15596268692912
2017-11-10,103.79519769436251
2017-11-13,102.54005592348547
2017-11-14,102.21263264179332
2017-11-15,102.00995675852403
2017-11-16,103.97453311754596
2017-11-17,102.58683329988024
2017-11-20,103.84975992978501
2017-11-21,104.3097268164775
2017-11-22,103.77962363071785
2017-11-24,104.0212838448305
2017-11-27,103.37423090650931
2017-11-28,103.6003044868563
2017-11-29,106.74204317387583
2017-11-30,109.60319798168915
2017-12-01,109.84487971105507
2017-12-04,111.80942025018497
2017-12-05,112.46426421591076
2017-12-06,110.6166423711876
2017-12-07,110.93627587893994
2017-12-08,112.47210801859909
2017-12-11,112.02769773394755
2017-12-12,111.84063463165384
2017-12-13,113.3140610223855
2017-12-14,112.80729777256896
2017-12-15,112.23043679097609
2017-12-18,114.00789379188907
2017-12-19,114.64716976090212
2017-12-20,114.21056597452144
2017-12-21,114.00010402167305
2017-12-22,114.54582210238706
2017-12-26,114.02348290280895
2017-12-27,113.25948497090818
2017-12-28,113.0412030780708
2017-12-29,113.91436098452934
2018-01-02,113.23607467954643
2018-01-03,112.72932302522811
2018-01-04,113.09575752340437
2018-01-05,113.15035208356691
2018-01-08,112.65139798066421
2018-01-09,113.81298776935888
2018-01-10,115.75417665154156
2018-01-11,117.26661998726084
2018-01-12,118.75561699060107
2018-01-16,119.72117569280198
2018-01-17,119.86225179487376
2018-01-18,120.41847301278499
2018-01-19,120.93556020890277
2018-01-22,121.53101512882158
2018-01-23,121.12358562980975
2018-01-24,121.9775747825631
2018-01-25,124.06157639506642
2018-01-26,123.80300391127761
2018-01-29,124.13990347390036
2018-01-30,123.98321690171389
2018-01-31,124.10075552139212
2018-02-01,123.32512654107096
2018-02-02,124.30447024206104
2018-02-05,122.36145231346718
2018-02-06,115.18493695838293
2018-02-07,120.45764313974688
2018-02-08,121.47614633020733
2018-02-09,118.28742985713477
2018-02-12,119.7133741124034
2018-02-13,118.3344269330751
2018-02-14,119.74470599285219
2018-02-15,124.93120224267895
2018-02-16,124.50029640993887
2018-02-20,124.28094394207551
2018-02-21,124.3279696266216
2018-02-22,126.70965984542256
2018-02-23,123.89701391648578
2018-02-26,125.92620941901409
2018-02-27,126.73319202082185
2018-02-28,126.00455337677563
2018-03-01,123.52098465708947
2018-03-02,121.64066602560801
2018-03-05,122.10292698023706
2018-03-06,124.60216990362534
2018-03-07,123.24676944876154
2018-03-08,125.32300991827027
2018-03-09,126.13778259404678
2018-03-12,127.32078215637844
2018-03-13,127.67335521971094
2018-03-14,126.30231994719962
2018-03-15,124.2809415978322
2018-03-16,124.21043011251655
2018-03-19,125.08003975649576
2018-03-20,125.48748245173067
2018-03-21,124.70403400473735
2018-03-22,122.95689893922214
2018-03-23,120.48111175688607
2018-03-26,117.51964540491639
2018-03-27,120.59083805458455
2018-03-28,117.31595647410659
2018-03-29,117.89571694992475
2018-04-02,118.49113670701851
2018-04-03,117.2297761595387
2018-04-04,116.71267406608848
2018-04-05,120.68483252938215
2018-04-06,118.40497424748864
2018-04-09,116.68918758677636
2018-04-10,119.00040597865365
2018-04-11,117.32375881944515
2018-04-12,118.07594646085718
2018-04-13,117.31320666699746
2018-04-16,114.90392309057549
2018-04-17,113.8646328472395
2018-04-18,111.32157245594045
2018-04-19,111.54985432446765
2018-04-20,113.59695455674992
2018-04-23,113.41582647610761
2018-04-24,115.20314386861791
2018-04-25,113.77801043374659
2018-04-26,114.36063011115263
2018-04-27,114.70710931078135
2018-04-30,116.3447155448128
2018-05-01,114.37641123023651
2018-05-02,113.95125615508012
2018-05-03,112.70726783489674
2018-05-04,113.68355532385526
2018-05-07,114.75434842824008
2018-05-08,114.93542539435444
2018-05-09,116.67541200332506
2018-05-10,118.1005037706933
2018-05-11,118.95870385826775
2018-05-14,119.18706229811197
2018-05-15,118.13988974585875
2018-05-16,118.3130802002901
2018-05-17,117.71470320206528
2018-05-18,118.19499266552894
2018-05-21,117.48636892187314
2018-05-22,117.80917190215338
2018-05-23,118.00600136293977
2018-05-24,117.67534311258106
2018-05-25,116.5415829251414
2018-05-29,115.15585606980378
2018-05-30,112.63641904950627
2018-05-31,113.28986737680579
2018-06-01,114.75433442099876
2018-06-04,114.73856387753136
2018-06-05,114.951154452971
2018-06-06,114.69133165810284
2018-06-07,116.82506002235219
2018-06-08,116.47071563167934
2018-06-11,117.32891985595657
2018-06-12,116.37623695584576
2018-06-13,116.24239981699415
2018-06-14,114.82519714517301
2018-06-15,111.89628187574309
2018-06-18,112.14036101076033
2018-06-19,111.25070038370632
2018-06-20,112.9119196591706
2018-06-21,110.77827811821852
2018-06-22,111.83331586884121
2018-06-25,109.43982323701069
2018-06-26,108.896550114397
2018-06-27,107.60529682424368
2018-06-28,107.08566061130965
2018-06-29,107.39272984267967
2018-07-02,105.69205101785143
2018-07-03,107.29823883839117
2018-07-05,106.68412008344953
2018-07-06,106.45579861071276
2018-07-09,107.43210976929807
2018-07-10,109.84133567031601
2018-07-11,108.17219033500396
2018-07-12,109.30599058910775
2018-07-13,109.41615233772657
2018-07-16,109.45144125634751
2018-07-17,111.62364172264544
2018-07-18,111.86152030615992
2018-07-19,112.29750401033405
2018-07-20,111.59192267919792
2018-07-23,112.78109945272634
2018-07-24,114.56487021872171
2018-07-25,113.76417062000549
2018-07-26,113.52632186569387
2018-07-27,113.50253556256236
2018-07-30,114.60451887333541
2018-07-31,115.6985534652317
2018-08-01,115.76992062393975
2018-08-02,114.86610517225306
2018-08-03,114.80269890069616
2018-08-06,114.9533465653136
2018-08-07,115.46861620934027
2018-08-08,115.58756638085711
2018-08-09,115.83332173234326
2018-08-10,113.78795109924349
2018-08-13,113.6611012852858
2018-08-14,112.58292502842421
2018-08-15,112.46402671661572
2018-08-16,113.2964392029877
2018-08-17,114.46975541139518
2018-08-20,114.49351522098029
2018-08-21,114.50145586083158
2018-08-22,114.81858131388911
2018-08-23,114.556932200148
2018-08-24,113.9623655261096
2018-08-27,113.93064107638311
2018-08-28,115.71442511836102
2018-08-29,115.7857538221948
2018-08-30,115.27840261431625
2018-08-31,113.36775596821825
2018-09-04,113.75623539297322
2018-09-05,113.97030915197413
2018-09-06,114.11297647452812
2018-09-07,114.00198551751535
2018-09-10,113.75624731674301
2018-09-11,113.11409274611869
2018-09-12,113.17751571122152
2018-09-13,112.39264161238708
2018-09-14,111.08455592921456
2018-09-17,111.62364967411744
2018-09-18,110.91808252026651
2018-09-19,110.933929481371
2018-09-20,113.07446128777805
2018-09-21,114.66795155048312
2018-09-24,113.59765726541261
2018-09-25,112.57500732179234
2018-09-26,112.05970031522533
2018-09-27,109.3404299852574
2018-09-28,108.33361353948592
2018-10-01,108.88063468385866
2018-10-02,107.77073785799197
2018-10-03,108.82514503673994
2018-10-04,109.64169715149342
2018-10-05,110.83881472847837
2018-10-08,109.57829699830414
2018-10-09,110.37105873079487
2018-10-10,110.27592633463611
2018-10-11,107.4932729973554
2018-10-12,101.7138780074458
2018-10-15,99.3276039059344
2018-10-16,99.7890717213841
2018-10-17,99.52542945690305
2018-10-18,101.24290655088942
2018-10-19,99.32574024199644
2018-10-22,99.88493740064891
2018-10-23,95.47540786543385
2018-10-24,95.75499943759792
2018-10-25,94.17332664982314
2018-10-26,94.5248234860605
2018-10-29,96.62571272569251
2018-10-30,98.11152731373647
2018-10-31,100.21243063946991
2018-11-01,103.27191717830371
2018-11-02,104.51009305595252
2018-11-05,103.55949810148371
2018-11-06,104.01483900174007
2018-11-07,105.37283197736781
2018-11-08,105.90007372929402
2018-11-09,107.11430801005464
2018-11-12,107.20214950303291
2018-11-13,106.09978959998665
2018-11-14,108.64002136890205
2018-11-15,106.63496716428232
2018-11-16,108.54418048807142
2018-11-19,108.4003656452186
2018-11-20,107.29801042358079
2018-11-21,106.69088702967316
2018-11-23,105.38082825096667
2018-11-26,107.30597470774605
2018-11-27,107.44180067963721
2018-11-28,106.94653834556449
2018-11-29,106.5710845863356
2018-11-30,106.5390886830802
2018-12-03,109.70246681546892
2018-12-04,107.91309588138063
2018-12-06,101.46657630750582
2018-12-07,102.8964743400285
2018-12-10,101.01124515973191
2018-12-11,100.11656236822891
2018-12-12,99.00621481111028
2018-12-13,98.40709967897811
2018-12-14,94.9242273128556
2018-12-17,94.50083376584342
2018-12-18,94.69256713174954
2018-12-19,93.24669431100882
2018-12-20,90.54666794722807
2018-12-21,90.37093016466467
2018-12-24,88.66942982740711
2018-12-26,88.08627668034455
2018-12-27,90.5386762356096
2018-12-28,92.83130256984776
2018-12-31,92.5676940878116
2019-01-02,91.98453492810512
2019-01-03,94.30912306131802
2019-01-04,96.2422823695425
2019-01-07,96.05853787976122
2019-01-08,96.8653750722841
2019-01-09,96.74551649697737
2019-01-10,96.15440976434894
2019-01-11,94.91624016227878
2019-01-14,95.28368542164121
2019-01-15,95.86683002198093
2019-01-16,96.95481332582817
2019-01-17,97.51035942535802
2019-01-18,98.63756441074273
2019-01-22,100.08680828973426
2019-01-23,100.58597496265945
2019-01-24,99.48294991559322
2019-01-25,100.19951045748819
2019-01-28,100.0465464328137
2019-01-29,100.35250397619313
2019-01-30,100.05459029252286
2019-01-31,98.89520547333228
2019-02-01,99.12868562955966
2019-02-04,99.31387516693606
2019-02-05,100.34444595025674
2019-02-06,98.73416342681321
2019-02-07,99.08038317467286
2019-02-08,98.46847970379092
2019-02-11,98.01760180543693
2019-02-12,98.65364382638552
2019-02-13,99.40242934177941
2019-02-14,97.01118446522284
2019-02-15,98.25107343009307
2019-02-19,98.87908491759545
2019-02-20,100.60207480120687
2019-02-21,101.6004541741821
2019-02-22,100.6825957156042
2019-02-25,100.61014720490455
2019-02-26,99.2011489868164
2019-02-27,99.40243807296943
2019-02-28,101.4957835559515
2019-03-01,101.93057957371335
2019-03-04,102.01913871030304
2019-03-05,101.60046022416208
2019-03-06,103.16242786908113
2019-03-07,101.96276398846067
2019-03-08,100.37666220408322
2019-03-11,102.37340156892358
2019-03-12,103.70188430870594
2019-03-13,103.39590987185798
2019-03-14,103.87096700398129
2019-03-15,103.87096303275528
2019-03-18,105.02230744735712
2019-03-19,106.68087372361722
2019-03-20,104.18495318648431
2019-03-21,100.45716661742716
2019-03-22,97.82436558332635
2019-03-25,96.20603485247963
2019-03-26,96.83405043035138
2019-03-27,97.65528163027722
2019-03-28,97.92903383455948
2019-03-29,99.76474712370687
2019-04-01,99.82111867319821
2019-04-02,101.89030881073805
2019-04-03,103.04969613471094
2019-04-04,102.09160645146476
2019-04-05,103.45228009554276
2019-04-08,102.98529457472232
2019-04-09,102.54245893017159
2019-04-10,101.9064136062363
2019-04-11,103.05775793007747
2019-04-12,104.21715593122536
2019-04-15,107.02842352127827
2019-04-16,106.63107568701272
2019-04-17,108.15563169194259
2019-04-18,108.4638009036814
2019-04-22,108.08263983705436
2019-04-23,108.18805680156983
2019-04-24,108.54490183592895
2019-04-25,108.12321319841335
2019-04-26,108.6746538522909
2019-04-29,110.937191523091
2019-04-30,111.04261016845703
2019-05-01,110.87231820750301
2019-05-02,109.91539144781574
2019-05-03,110.28032462042461
2019-05-06,109.76132554698309
2019-05-07,109.29907785434864
2019-05-08,107.42577929275502
2019-05-09,105.447087961276
2019-05-10,106.56618715039816
2019-05-13,105.45517741084504
2019-05-14,103.97118031493585
2019-05-15,104.48207188178347
2019-05-16,105.10651522766473
2019-05-17,104.98486015446699
2019-05-20,105.60115350950446
2019-05-21,106.33099287198739
2019-05-22,106.72839239640712
2019-05-23,106.2255965072829
2019-05-24,105.6984890185883
2019-05-28,106.83380149792404
2019-05-29,104.36854025743155
2019-05-30,105.65794343533967
2019-05-31,103.29811505084254
2019-06-03,102.97370134765801
2019-06-04,106.06338960926975
2019-06-05,108.1880876763344
2019-06-06,108.57731495355038
2019-06-07,108.1394073747793
2019-06-10,108.93415123720911
2019-06-11,109.29907844270085
2019-06-12,109.55045413449098
2019-06-13,108.95846197128117
2019-06-14,108.723320519413
2019-06-17,109.64781486707804
2019-06-18,107.4176945375629
2019-06-19,109.6802075584655
2019-06-20,108.30972422074892
2019-06-21,107.75827795767836
2019-06-24,107.37713283511094
2019-06-25,108.3340433215959
2019-06-26,108.55301966173128
2019-06-27,108.65842056609932
2019-06-28,110.37764306760549
2019-07-01,112.21847855997264
2019-07-02,112.94021891273556
2019-07-03,113.53219222711829
2019-07-05,114.66753322592126
2019-07-08,114.02687461548558
2019-07-09,113.45922893652276
2019-07-10,114.25394416177714
2019-07-11,113.95387416283776
2019-07-12,115.22708237621552
2019-07-15,115.61634352316202
2019-07-16,113.53219427575458
2019-07-17,112.55096507476347
2019-07-18,113.28087186529986
2019-07-19,113.86958489494468
2019-07-22,113.0519337243255
2019-07-23,114.27843237398812
2019-07-24,114.25390773259724
2019-07-25,116.1427463208835
2019-07-26,115.25149189624327
2019-07-29,116.3226626759941
2019-07-30,115.16151724417297
2019-07-31,116.10187125773014
2019-08-01,116.44529779609087
2019-08-02,113.10914629831078
2019-08-05,110.4680879359731
2019-08-06,109.94478726002706
2019-08-07,107.22190971614712
2019-08-08,107.31186606626764
2019-08-09,107.28732263276805
2019-08-12,107.04202685857845
2019-08-13,105.37395063801233
2019-08-14,103.78764915634049
2019-08-15,102.51208834580311
2019-08-16,102.92909466936234
2019-08-19,105.57836924887783
2019-08-20,103.91031696603166
2019-08-21,104.20466220484573
2019-08-22,103.9839008838345
2019-08-23,103.133502649419
2019-08-26,101.35096487315765
2019-08-27,101.93153501412249
2019-08-28,100.7213712823824
2019-08-29,104.2701050359191
2019-08-30,105.71736813080808
2019-09-03,104.34366706046833
2019-09-04,104.74433799520847
2019-09-05,107.02565991446217
2019-09-06,107.49173908373422
2019-09-09,108.71005025265985
2019-09-10,112.22606210368119
2019-09-11,112.83933987337001
2019-09-12,110.26364970719531
2019-09-13,113.65699221306564
2019-09-16,112.79844493915333
2019-09-17,114.14759725491868
2019-09-18,113.45258997147405
2019-09-19,114.27845041853944
2019-09-20,115.52132522540064
2019-09-23,114.23756473239828
2019-09-24,115.08794624233157
2019-09-25,115.21879078904212
2019-09-26,114.4092997722641
2019-09-27,115.70935721514621
2019-09-30,115.43137079164953
2019-10-01,115.41500725303251
2019-10-02,111.58827814250867
2019-10-03,110.23911308795418
2019-10-04,111.92353853942724
2019-10-07,115.03887704898249
2019-10-08,112.9865340486185
2019-10-09,112.29148710449329
2019-10-10,112.13614494468433
2019-10-11,115.17789443396197
2019-10-14,114.22937888738588
2019-10-15,115.02253685519331
2019-10-16,117.6030049994274
2019-10-17,117.4298759915272
2019-10-18,117.42985064712339
2019-10-21,119.53197834558364
2019-10-22,119.98542126489822
2019-10-23,119.51550376781898
2019-10-24,120.52121891673477
2019-10-25,119.77107235260483
2019-10-28,121.77426264438914
2019-10-29,121.27964249855144
2019-10-30,121.88145214096089
2019-10-31,120.90867326365655
2019-11-01,122.26886289903867
2019-11-04,123.97530868187779
2019-11-05,124.17313787870604
2019-11-06,124.10718707064244
2019-11-07,126.08563873217042
2019-11-08,125.77238264936629
2019-11-11,124.89030438910852
2019-11-12,125.41792716999231
2019-11-13,124.18138185687465
2019-11-14,123.7856926957608
2019-11-15,123.74444783529295
2019-11-18,124.08245731947261
2019-11-19,125.30248990206496
2019-11-20,124.70073640234821
2019-11-21,125.85483451364851
2019-11-22,124.77491318214855
2019-11-25,126.58027297778985
2019-11-26,126.24224530138316
2019-11-27,126.67917365735943
2019-11-29,126.65445595642012
2019-12-02,126.89353060434503
2019-12-03,123.87636214779491
2019-12-04,123.43949021391087
2019-12-05,125.53331163978059
2019-12-06,127.01721236823592
2019-12-09,125.46736540662882
2019-12-10,126.70388361133213
2019-12-11,128.4597774877799
2019-12-12,128.31964374830326
2019-12-13,130.38057173196802
2019-12-16,132.14466658438434
2019-12-17,131.04827969195927
2019-12-18,132.56512198210586
2019-12-19,132.1199787261494
2019-12-20,132.88661458548057
2019-12-23,131.96334855302086
2019-12-24,131.765477064641
2019-12-26,132.29304874530396
2019-12-27,133.17513916735288
2019-12-30,133.20810057171087
2019-12-31,131.77375190000802
2020-01-02,131.69129424068944
2020-01-03,130.58664748795744
2020-01-06,130.33112038056188
2020-01-07,129.7787808234344
2020-01-08,130.2486668846631
2020-01-09,132.21064107987888
2020-01-10,132.70524633833398
2020-01-13,130.97410640760398
2020-01-14,131.21316175157537
2020-01-15,130.50420710025395
2020-01-16,127.55702247858669
2020-01-17,127.11682729966691
2020-01-21,126.36101826706417
2020-01-22,126.21155145118463
2020-01-23,125.73810771255984
2020-01-24,126.6434094359962
2020-01-27,122.87268314379273
2020-01-28,124.01886200123862
2020-01-29,124.50887861083183
2020-01-30,122.19994430197704
2020-01-31,123.97734364581773
2020-02-03,124.61683206253109
2020-02-04,126.20323448883624
2020-02-05,126.67666143800615
2020-02-06,128.58690561017676
2020-02-07,126.09526801693161
2020-02-10,126.65172154507579
2020-02-11,128.18824810040152
2020-02-12,129.56697778367203
2020-02-13,128.53707441903322
2020-02-14,128.86929762679634
2020-02-18,127.48232809276571
2020-02-19,126.36934088786069
2020-02-20,126.86770398383011
2020-02-21,127.57365998675398
2020-02-24,124.01054702875116
2020-02-25,123.67001980852966
2020-02-26,118.395980068457
2020-02-27,112.96413159526503
2020-02-28,104.9077141824594
2020-03-02,105.33131608513777
2020-03-03,109.63360897604453
2020-03-04,105.61371064214464
2020-03-05,103.53732040012457
2020-03-06,95.82973179470734
2020-03-09,85.2152004268203
2020-03-10,86.41952849885878
2020-03-11,86.6188625331959
2020-03-12,77.64052812412778
2020-03-13,85.80489918202765
2020-03-16,75.73023166910241
2020-03-17,75.82991727935587
2020-03-18,73.73688913052351
2020-03-19,70.95452188414552
2020-03-20,78.13886186536133
2020-03-23,71.71864900723892
2020-03-24,71.88477407118201
2020-03-25,76.01262661526883
2020-03-26,76.8930043295578
2020-03-27,80.96276918090615
2020-03-30,82.44944515336506
2020-03-31,82.00095677806414
2020-04-01,74.75017291693288
2020-04-02,72.5325867409954
2020-04-03,74.24353459114761
2020-04-06,74.8913876478163
2020-04-07,84.17701052334778
2020-04-08,79.62555092590716
2020-04-09,84.35974253417953
2020-04-13,87.32480325492782
2020-04-14,85.73013749005483
2020-04-15,79.44775391109025
2020-04-16,78.0024555660895
2020-04-17,79.22086187308021
2020-04-20,82.65758361058589
2020-04-21,82.48950806397221
2020-04-22,85.21200551548915
2020-04-23,83.34660763154658
2020-04-24,84.00202387861054
2020-04-27,85.85060137019032
2020-04-28,92.40473383242957
2020-04-29,92.97612083000459
2020-04-30,90.47211585624935
2020-05-01,86.89254895800691
2020-05-04,84.02721203259354
2020-05-05,87.02698283448436
2020-05-06,84.86749577401254
2020-05-07,83.99360439564747
2020-05-08,87.53115717417988
2020-05-11,86.54802323453895
2020-05-12,85.95145362955228
2020-05-13,83.60708535770306
2020-05-14,79.38891824580841
2020-05-15,81.48959814509973
2020-05-18,84.86750470256945
2020-05-19,86.92615390610683
2020-05-20,86.53963176531711
2020-05-21,86.52283408771335
2020-05-22,87.0017727696404
2020-05-26,91.92577097638161
2020-05-27,99.15212862400334
2020-05-28,98.8160062676526
2020-05-29,95.40450988057815
2020-06-01,96.45483887003792
2020-06-02,97.64803813889267
2020-06-03,100.12683577711967
2020-06-04,100.47976296458499
2020-06-05,110.06725893470663
2020-06-08,109.7815356820421
2020-06-09,106.033935546875
2020-06-10,105.09284154644145
2020-06-11,94.25332667631557
2020-06-12,94.95917811730423
2020-06-15,89.39655251565092
2020-06-16,98.82441983921795
2020-06-17,96.57247025782964
2020-06-18,93.13576663349518
2020-06-19,94.39617010380815
2020-06-22,90.27042743858094
2020-06-23,92.98452747724366
2020-06-24,89.48058721374142
2020-06-25,86.53123647487628
2020-06-26,87.51433957372393
2020-06-29,86.03546010802278
2020-06-30,85.69935943082218
2020-07-01,88.87557750811203
2020-07-02,88.52267744938763
2020-07-06,87.59836345609288
2020-07-07,85.9010361373426
2020-07-08,83.66591199257977
2020-07-09,83.58186117247413
2020-07-10,82.8676432337215
2020-07-13,86.12791789231959
2020-07-14,86.26233495491924
2020-07-15,87.27906880413096
2020-07-16,86.53797461326498
2020-07-17,88.61115480568185
2020-07-20,86.6654354194818
2020-07-21,88.10136275460677
2020-07-22,90.6078636608667
2020-07-23,90.07257709759556
2020-07-24,91.82287994792304
2020-07-27,89.85165115821802
2020-07-28,88.71312069185127
2020-07-29,88.63665074522812
2020-07-30,90.44642681510818
2020-07-31,90.44645053600658
2020-08-03,90.52289431416382
2020-08-04,90.18302604748273
2020-08-05,90.22551601032801
2020-08-06,89.88564632033413
2020-08-07,89.91963287518547
2020-08-10,93.59017552579708
2020-08-11,95.7907994036231
2020-08-12,97.48161048966098
2020-08-13,93.85356089433292
2020-08-14,93.29280163245527
2020-08-17,93.80259430863799
2020-08-18,93.41175144434456
2020-08-19,90.80329463435082
2020-08-20,89.28240358947583
2020-08-21,89.89415183266523
2020-08-24,90.82028373818754
2020-08-25,94.69475146288892
2020-08-26,93.8960408292137
2020-08-27,93.49671034006246
2020-08-28,96.18162985845808
2020-08-31,95.19603378352785
2020-09-01,93.30128748679482
2020-09-02,94.31238053193034
2020-09-03,96.6574478897289
2020-09-04,96.83588725950247
2020-09-08,94.83068252350002
2020-09-09,94.55029262403949
2020-09-10,93.9810457082667
2020-09-11,92.68102794390542
2020-09-14,94.73721309671296
2020-09-15,96.60645656797968
2020-09-16,94.43983422522624
2020-09-17,94.8051794325769
2020-09-18,94.30388718133564
2020-09-21,92.54508626077313
2020-09-22,91.91634607043548
2020-09-23,89.83467916172874
2020-09-24,87.88044767960182
2020-09-25,86.88633578341212
2020-09-28,90.76080158564447
2020-09-29,91.33857755208527
2020-09-30,91.38106013487766
2020-10-01,93.50521634254716
2020-10-02,91.83986210747089
2020-10-05,96.4110486985686
2020-10-06,98.55218718277068
2020-10-07,97.15024918506604
2020-10-08,98.390768524853
2020-10-09,99.50383442731223
2020-10-12,98.14434784052987
2020-10-13,98.44173853545533
2020-10-14,95.31499322452619
2020-10-15,93.02634951322047
2020-10-16,94.09108646211656
2020-10-19,96.09173952922626
2020-10-20,95.2931734848527
2020-10-21,96.18617310419516
2020-10-22,95.19872422372465
2020-10-23,99.79252761315188
2020-10-26,97.33676592726559
2020-10-27,95.36186203184768
2020-10-28,92.4853904084143
2020-10-29,92.8975644776649
2020-10-30,93.98802790253252
2020-11-02,97.44840005917148
2020-11-03,100.71127489373441
2020-11-04,99.77533397948324
2020-11-05,97.13927650659785
2020-11-06,101.18352832714135
2020-11-09,107.812308996737
2020-11-10,110.76608597426028
2020-11-11,109.392246381138
2020-11-12,105.88037269422014
2020-11-13,104.75552270487454
2020-11-16,107.99263769998484
2020-11-17,107.26280030893709
2020-11-18,109.49528344053095
2020-11-19,109.95895460303385
2020-11-20,110.60294603326683
2020-11-23,113.53093857377574
2020-11-24,117.32618690560142
2020-11-25,119.43847876297068
2020-11-27,120.72644853030553
2020-11-30,118.7343561509346
2020-12-01,120.41733383443584
2020-12-02,120.12540302191717
2020-12-03,120.82950717544067
2020-12-04,122.61549141017103
2020-12-07,121.44770678962483
2020-12-08,120.2627913281715
2020-12-09,122.49528131919025
2020-12-10,122.35787981470729
2020-12-11,122.73572759829399
2020-12-14,124.82222056560312
2020-12-15,122.47810026558285
2020-12-16,123.51706993511898
2020-12-17,124.47876278410033
2020-12-18,124.48735254492175
2020-12-21,125.40610672406189
2020-12-22,124.42724032953016
2020-12-23,124.32419756509879
2020-12-24,125.73237243629505
2020-12-28,126.23899029707073
2020-12-29,125.86978861944161
2020-12-30,124.90807354646904
2020-12-31,126.00718846417114
2021-01-04,128.52300129777973
2021-01-05,128.1108748206509
2021-01-06,130.7812387120677
2021-01-07,136.62010225605763
2021-01-08,136.07914243345425
2021-01-11,134.98007601530696
2021-01-12,138.24293883549197
2021-01-13,137.43580964917044
2021-01-14,137.47874619870882
2021-01-15,135.93082428707334
2021-01-19,134.70278023668706
2021-01-20,134.91034704323113
2021-01-21,135.16111035298746
2021-01-22,130.99274990084075
2021-01-25,130.03281533073937
2021-01-26,130.9062810999598
2021-01-27,126.11523993659199
2021-01-28,126.91949618719303
2021-01-29,127.70645552660628
2021-02-01,125.17259143748471
2021-02-02,127.84484358605174
2021-02-03,129.67823183065562
2021-02-04,132.65319423111626
2021-02-05,136.65724750491583
2021-02-08,135.61086095919555
2021-02-09,136.62267460182625
2021-02-10,137.87664405154857
2021-02-11,138.21391914316422
2021-02-12,138.01503531470127
2021-02-16,141.41371524906805
2021-02-17,146.46419900520127
2021-02-18,143.74006415547606
2021-02-19,144.69999408118036
2021-02-22,147.00043285037853
2021-02-23,150.06182905194024
2021-02-24,150.19158347453285
2021-02-25,155.9252448568425
2021-02-26,148.85974838059454
2021-03-01,148.20249605413403
2021-03-02,149.80237091519018
2021-03-03,150.94393830057822
2021-03-04,149.73317751503174
2021-03-05,151.6876756495077
2021-03-08,153.71132835870978
2021-03-09,151.5665831125905
2021-03-10,150.07908194512333
2021-03-11,152.52654223014574
2021-03-12,155.62251899572178
2021-03-15,156.34901258945402
2021-03-16,152.7254297752437
2021-03-17,155.0171949789919
2021-03-18,156.41817683988737
2021-03-19,152.73406801302303
2021-03-22,149.36132542321812
2021-03-23,146.74958153623447
2021-03-24,148.19382624369712
2021-03-25,147.57115868495325
2021-03-26,154.99989148672526
2021-03-29,152.91568914363964
2021-03-30,152.20654088517128
2021-03-31,153.4951413358839
2021-04-01,150.86610562656418
2021-04-05,155.2593369547657
2021-04-06,153.64217170251064
2021-04-07,154.19558687832046
2021-04-08,153.35674509270333
2021-04-09,155.45823706209362
2021-04-12,156.21064301582882
2021-04-13,155.41499138845813
2021-04-14,153.08000767072753
2021-04-15,155.26039584188317
2021-04-16,154.50311311252312
2021-04-19,156.10470107767844
2021-04-20,152.85809596545025
2021-04-21,148.86300099199735
2021-04-22,152.34457505582003
2021-04-23,151.71792136664072
2021-04-26,156.03502251494237
2021-04-27,156.23521001697353
2021-04-28,160.16939587347414
2021-04-29,163.1896352849058
2021-04-30,163.58131175433954
2021-05-03,164.21672446151683
2021-05-04,162.72833460380744
2021-05-05,168.55994142469422
2021-05-06,170.9187042657383
2021-05-07,169.09088706611183
2021-05-10,176.69811306912266
2021-05-11,172.14595358499736
2021-05-12,171.3017314051695
2021-05-13,165.20026996723487
2021-05-14,170.97092499357726
2021-05-17,172.54639019078567
2021-05-18,173.79968922045222
2021-05-19,167.0890121380651
2021-05-20,167.97681496274765
2021-05-21,167.6199278203104
2021-05-24,169.2388565870945
2021-05-25,169.49996980458565
2021-05-26,168.1943798141001
2021-05-27,169.45647178646175
2021-05-28,169.13444105198565
2021-06-01,172.13732418132398
2021-06-02,171.19727388360857
2021-06-03,169.90034514569513
2021-06-04,170.43131737408623
2021-06-07,169.52609030908047
2021-06-08,166.50586426364927
2021-06-09,167.62864228084598
2021-06-10,168.40329327916615
2021-06-11,164.7476266562791
2021-06-14,164.4342925569985
2021-06-15,162.93723640675958
2021-06-16,163.9468928598646
2021-06-17,167.14990405961936
2021-06-18,157.22745937453988
2021-06-21,157.05340282402432
2021-06-22,159.82994569307968
2021-06-23,160.58716264666998
2021-06-24,162.32795674337197
2021-06-25,165.40043908681267
2021-06-28,167.47198255656642
2021-06-29,167.9680939292053
2021-06-30,165.0087723516989
2021-07-01,166.65381510469714
2021-07-02,168.39459205783268
2021-07-06,166.08805904552
2021-07-07,161.8927849677785
2021-07-08,159.81253392249417
2021-07-09,162.54555645989333
2021-07-12,163.35500944678512
2021-07-13,165.95749341902498
2021-07-14,162.24091283987428
2021-07-15,163.37744569466116
2021-07-16,166.5931594114049
2021-07-19,157.01623478848424
2021-07-20,155.84209289449342
2021-07-21,160.93288385193688
2021-07-22,161.66011160949324
2021-07-23,160.43345568588663
2021-07-26,160.91534918859222
2021-07-27,159.5484805369858
2021-07-28,162.09821973869242
2021-07-29,162.68524853394104
2021-07-30,161.6513688489823
2021-08-02,160.81017100184178
2021-08-03,160.79267252053336
2021-08-04,161.25704587880134
2021-08-05,163.80681572370972
2021-08-06,165.9097119087703
2021-08-09,166.12000143448188
2021-08-10,165.4716150889223
2021-08-11,168.66975482060496
2021-08-12,169.92268601166776
2021-08-13,169.82637833956264
2021-08-16,165.5679903756524
2021-08-17,164.91082758742067
2021-08-18,163.28985034804737
2021-08-19,160.9153280591733
2021-08-20,161.3447076759811
2021-08-23,163.85063970477458
2021-08-24,163.9733015334568
2021-08-25,165.97981250060528
2021-08-26,169.21300712595476
2021-08-27,167.79354667972865
2021-08-30,170.86027917315792
2021-08-31,167.3554587098459
2021-09-01,168.01259786285144
2021-09-02,165.98854674078743
2021-09-03,168.03014784717047
2021-09-07,168.5821174106453
2021-09-08,167.8198162467658
2021-09-09,167.76729498824497
2021-09-10,169.85265620621774
2021-09-13,169.84388879768147
2021-09-14,170.87780435870576
2021-09-15,164.22737972966036
2021-09-16,167.88995128562453
2021-09-17,166.3916070833371
2021-09-20,160.98541527079212
2021-09-21,162.62391469329873
2021-09-22,162.9306067563957
2021-09-23,165.98858449514248
2021-09-24,169.64235685270154
2021-09-27,173.1646907250944
2021-09-28,175.81962568261767
2021-09-29,173.95327660466467
2021-09-30,174.26875337261876
2021-10-01,170.44846868875499
2021-10-04,173.32241226362973
2021-10-05,174.77691988109672
2021-10-06,174.82072198404842
2021-10-07,177.67716010609482
2021-10-08,176.59941983201065
2021-10-11,178.47453141445862
2021-10-12,175.58301788931163
2021-10-13,177.55451338888912
2021-10-14,178.96116119982835
2021-10-15,172.47209031525057
2021-10-18,174.28830951883563
2021-10-19,178.00894099945546
2021-10-20,182.3467793118928
2021-10-21,187.54860697751187
2021-10-22,188.55372592046103
2021-10-25,191.25162071000815
2021-10-26,191.06648010255762
2021-10-27,189.5940864761377
2021-10-28,188.65951474293513
2021-10-29,188.6418907179
2021-11-01,187.76902709407062
2021-11-02,185.0534910663427
2021-11-03,184.42751200348224
2021-11-04,186.79037504805393
2021-11-05,184.72728041278597
2021-11-08,183.58991580505744
2021-11-09,181.73841722213768
2021-11-10,182.99920529971365
2021-11-11,181.22703203159813
2021-11-12,181.12124732690341
2021-11-15,180.38064152023304
2021-11-16,180.73330110613284
2021-11-17,180.82146552949192
2021-11-18,178.36162767607695
2021-11-19,175.3639575931945
2021-11-22,178.7671870268393
2021-11-23,181.51797991051845
2021-11-24,183.651644069099
2021-11-26,177.56812545295676
2021-11-29,179.7194129873558
2021-11-30,175.19642615869645
2021-12-01,178.11476064703302
2021-12-02,174.34999646972787
2021-12-03,177.97369452412153
2021-12-06,176.11338179959844
2021-12-07,177.77972769631302
2021-12-08,179.41960892981592
2021-12-09,177.1184719919082
2021-12-10,179.83399259262345
2021-12-13,176.4660280196101
2021-12-14,173.5565281663877
2021-12-15,176.31615687283897
2021-12-16,177.268327070146
2021-12-17,177.66509181118624
2021-12-20,171.37002696221828
2021-12-21,171.40525968370025
2021-12-22,173.33614321385159
2021-12-23,175.28460100486168
2021-12-27,175.2845955374287
2021-12-28,176.59829350448797
2021-12-29,177.86788216321892
2021-12-30,178.0001542338191
2021-12-31,176.71287590954628
2022-01-03,180.38949332000766
2022-01-04,185.30917032057854
2022-01-05,191.09292506531148
2022-01-06,192.50356491064392
2022-01-07,194.4256333905946
2022-01-10,199.59219326734564
2022-01-11,197.0001362204453
2022-01-12,198.3755050196011
2022-01-13,198.9926637445451
2022-01-14,196.25836830060354
2022-01-18,197.72125110935585
2022-01-19,194.1572477014675
2022-01-20,184.40503391079753
2022-01-21,182.8003697595795
2022-01-24,174.25390220793523
2022-01-25,179.3959694016022
2022-01-26,183.35888942199963
2022-01-27,184.99902446228992
2022-01-28,180.95635411265513
2022-01-31,182.560996249136
2022-02-01,182.48122895841658
2022-02-02,185.50437496069392
2022-02-03,187.73852017331336
2022-02-04,185.5487117371508
2022-02-07,187.20657309487063
2022-02-08,188.0754290241893
2022-02-09,188.15522291084847
2022-02-10,186.74558561138394
2022-02-11,185.30934384885887
2022-02-14,184.72420238049375
2022-02-15,183.53620613676966
2022-02-16,182.49008340485764
2022-02-17,183.03972372000518
2022-02-18,177.74696683425796
2022-02-22,179.03247093477245
2022-02-23,180.4155165197232
2022-02-24,170.22004030267334
2022-02-25,175.16704130605936
2022-02-28,174.2361920608799
2022-03-01,175.17593595096145
2022-03-02,168.44690890565806
2022-03-03,171.54992102606857
2022-03-04,165.40601696826974
2022-03-07,162.8438196254163
2022-03-08,161.64698865875218
2022-03-09,167.20574407217404
2022-03-10,163.1984734015572
2022-03-11,165.01591006185123
2022-03-14,162.9413503498629
2022-03-15,164.34211161958748
2022-03-16,167.02840588471685
2022-03-17,167.78202448803592
2022-03-18,172.80879635541328
2022-03-21,172.81766203141657
2022-03-22,174.00566985634507
2022-03-23,172.78221149863757
2022-03-24,171.93110323156608
2022-03-25,171.68286996694175
2022-03-28,172.64921542619112
2022-03-29,175.4507537383843
2022-03-30,172.0286368650999
2022-03-31,168.58878401854722
2022-04-01,163.34031446491827
2022-04-04,159.78519163504282
2022-04-05,161.00866218827946
2022-04-06,160.31714607632924
2022-04-07,160.51216598672715
2022-04-08,162.41830942778955
2022-04-11,163.63291513728802
2022-04-12,162.9042118587149
2022-04-13,158.8819135080472
2022-04-14,159.8830405844003
2022-04-18,155.485274316229
2022-04-19,158.04169075829785
2022-04-20,161.24166155567016
2022-04-21,161.74220577780451
2022-04-22,159.02490360552142
2022-04-25,153.59923398885067
2022-04-26,152.07968970985564
2022-04-27,150.8998269526898
2022-04-28,153.56349522805942
2022-04-29,152.5802551466295
2022-05-02,150.52438808853827
2022-05-03,151.1679784193085
2022-05-04,151.525509736684
2022-05-05,153.26850464907034
2022-05-06,150.5780447146705
2022-05-09,147.10095173211633
2022-05-10,147.22608031085514
2022-05-11,145.28643207163847
2022-05-12,142.01496530325016
2022-05-13,143.95459870621673
2022-05-16,140.40601391585187
2022-05-17,141.38924258534908
2022-05-18,142.22054912709152
2022-05-19,137.7781149096823
2022-05-20,139.05629176814082
2022-05-23,141.9613133679148
2022-05-24,144.5356035258775
2022-05-25,145.57243630263105
2022-05-26,150.97133365907425
2022-05-27,154.42158092831298
2022-05-31,154.21598999421323
2022-06-01,157.17466042624284
2022-06-02,154.10874130253958
2022-06-03,155.15454336102357
2022-06-06,156.41488385227692
2022-06-07,152.68754082771443
2022-06-08,153.4830693976472
2022-06-09,151.1947911334784
2022-06-10,142.0059885761505
2022-06-13,138.00153437011397
2022-06-14,139.5568600247536
2022-06-15,140.048437266319
2022-06-16,137.42054676027806
2022-06-17,134.07755374541932
2022-06-21,140.88868847634654
2022-06-22,138.4574108117537
2022-06-23,139.10993367458994
2022-06-24,140.25408432206302
2022-06-27,146.59147036983165
2022-06-28,145.3132672339258
2022-06-29,143.2395310227471
2022-06-30,137.67979086437708
2022-07-01,140.57585410193795
2022-07-05,141.22834703994263
2022-07-06,143.09650603855494
2022-07-07,143.99034259940711
2022-07-08,145.6797251196195
2022-07-11,143.86522979967154
2022-07-12,142.56306827067377
2022-07-13,139.9824750832759
2022-07-14,135.85898088772274
2022-07-15,133.5400448732925
2022-07-18,140.78552091203187
2022-07-19,141.52540659929815
2022-07-20,143.45632056426282
2022-07-21,143.81722581952016
2022-07-22,146.04592376455804
2022-07-25,147.36328261789066
2022-07-26,147.47153933809895
2022-07-27,146.506102373195
2022-07-28,146.86699411357293
2022-07-29,147.52570118336993
2022-08-01,147.8685686828725
2022-08-02,149.3573502171661
2022-08-03,148.59941124065523
2022-08-04,148.76183570207974
2022-08-05,148.17534548430035
2022-08-08,151.84765925353645
2022-08-09,149.8355649110127
2022-08-10,151.80257700147945
2022-08-11,154.55459614598144
2022-08-12,156.124570728897
2022-08-15,156.07044735326556
2022-08-16,156.23285960167613
2022-08-17,155.9080455432788
2022-08-18,156.90054055848174
2022-08-19,155.21327556771632
2022-08-22,152.389064320032
2022-08-23,150.440099165849
2022-08-24,149.67314934438087
2022-08-25,151.29726702781778
2022-08-26,152.89435038910102
2022-08-29,145.50450985366726
2022-08-30,145.21580600722768
2022-08-31,144.4578956242067
2022-09-01,142.1750729802675
2022-09-02,144.8007243438705
2022-09-06,142.94199817141657
2022-09-07,139.97345693118507
2022-09-08,143.34806854840417
2022-09-09,147.6700440297005
2022-09-12,149.2851640708175
2022-09-13,146.9121254372596
2022-09-14,145.92862088192499
2022-09-15,147.1918301575013
2022-09-16,147.31815601970197
2022-09-19,145.9286013572327
2022-09-20,148.02194715620416
2022-09-21,147.7963844993251
2022-09-22,143.90747727543572
2022-09-23,137.7898950741201
2022-09-26,136.07552820621578
2022-09-27,135.69656197382685
2022-09-28,133.6844523844074
2022-09-29,135.0559262441963
2022-09-30,136.02139255803667
2022-10-03,136.96879628839176
2022-10-04,140.9028239556936
2022-10-05,142.56304444425493
2022-10-06,142.64422405918035
2022-10-07,139.42303994881374
2022-10-10,137.54626812800296
2022-10-11,135.24542712315463
2022-10-12,132.63777646896654
2022-10-13,129.80455715806275
2022-10-14,136.6849785729699
2022-10-17,139.72849703882886
2022-10-18,145.53305245943375
2022-10-19,141.04979256666644
2022-10-20,137.16793148150362
2022-10-21,134.39780542035268
2022-10-24,143.2914063459975
2022-10-25,145.0409787923422
2022-10-26,149.33289093633218
2022-10-27,149.0139916985851
2022-10-28,147.5468679215308
2022-10-31,147.82023937310532
2022-11-01,148.45810941011197
2022-11-02,146.8360895830619
2022-11-03,143.06362490151608
2022-11-04,141.57828855232452
2022-11-07,144.21175897184335
2022-11-08,142.73558352767776
2022-11-09,143.16384637422956
2022-11-10,146.11627109034964
2022-11-11,150.29881646319586
2022-11-14,150.85466889239862
2022-11-15,150.74527822901544
2022-11-16,149.59716935565876
2022-11-17,144.96809368637614
2022-11-18,147.01838544622026
2022-11-21,146.70855610358115
2022-11-22,149.56068060945913
2022-11-23,150.12567871826906
2022-11-25,153.0507435001588
2022-11-28,151.30113622968472
2022-11-29,148.46722559205313
2022-11-30,149.24176089243454
2022-12-01,154.49959183057103
2022-12-02,148.27586782097055
2022-12-05,148.3214210471324
2022-12-06,139.40956546883118
2022-12-07,137.6873425775006
2022-12-08,142.0156803148056
2022-12-09,139.98365858490516
2022-12-12,140.86753484864468
2022-12-13,146.46249799742367
2022-12-14,139.75583929172083
2022-12-15,134.40691564159056
2022-12-16,135.64615871896524
2022-12-19,136.93101623701548
2022-12-20,137.12237372562365
2022-12-21,140.01099172262516
2022-12-22,139.57358526954678
2022-12-23,140.53947172988825
2022-12-27,141.5692059965432
2022-12-28,142.44398419178387
2022-12-29,142.38016586573252
2022-12-30,143.2823359734565
2023-01-03,145.47839044898777
2023-01-04,147.25528038442485
2023-01-05,146.67212290465528
2023-01-06,148.07539110808762
2023-01-09,150.30792758656068
2023-01-10,148.97751232411014
2023-01-11,150.46279233655807
2023-01-12,152.17596034920408
2023-01-13,151.47153417075552
2023-01-17,149.98208577199105
2023-01-18,140.19963904119152
2023-01-19,138.3700336132496
2023-01-20,136.47606783959608
2023-01-23,142.70961075624984
2023-01-24,146.8561021997456
2023-01-25,144.54839881602783
2023-01-26,148.0421844000263
2023-01-27,148.93400226500023
2023-01-30,149.1178583557345
2023-01-31,149.86256943150562
2023-02-01,150.64407439253233
2023-02-02,152.16107127223702
2023-02-03,151.42554673065408
2023-02-06,150.84633121083553
2023-02-07,149.3568914154207
2023-02-08,148.07893409799345
2023-02-09,149.26495759653452
2023-02-10,145.4586283875651
2023-02-13,146.21253950214813
2023-02-14,147.43533641170748
2023-02-15,146.63544956756232
2023-02-16,145.7436514572227
2023-02-17,145.26555469966672
2023-02-21,144.21743373599273
2023-02-22,142.72801153507098
2023-02-23,145.14604079178883
2023-02-24,143.89562286908378
2023-02-27,147.16872368935958
2023-02-28,145.7804028997963
2023-03-01,144.32775601667083
2023-03-02,141.45005495585167
2023-03-03,139.39056440879662
2023-03-06,141.4776225350164
2023-03-07,139.12395419474728
2023-03-08,133.46963124766663
2023-03-09,132.37552850592084
2023-03-10,123.39299805730815
2023-03-13,118.90628631668048
2023-03-14,126.41780971203872
2023-03-15,115.9274322871451
2023-03-16,114.4655853725293
2023-03-17,117.49041823288462
2023-03-20,115.9458196259464
2023-03-21,120.90138734765556
2023-03-22,120.0555561947939
2023-03-23,115.4585402880069
2023-03-24,110.3282704430131
2023-03-27,118.34547274578382
2023-03-28,114.44720103457894
2023-03-29,118.5753079397364
2023-03-30,120.52444280494562
2023-03-31,118.0972096319092
2023-04-03,116.68135481226443
2023-04-04,115.73434832903882
2023-04-05,111.07298868346692
2023-04-06,110.32826616246392
2023-04-10,111.44993430330398
2023-04-11,112.25901377080993
2023-04-12,113.13244754940769
2023-04-13,110.3282656710813
2023-04-14,111.70737777800596
2023-04-17,111.87091880123769
2023-04-18,116.44144857748121
2023-04-19,115.98533029098947
2023-04-20,117.84705250649982
2023-04-21,116.11563469644986
2023-04-24,115.4268092891365
2023-04-25,113.97466468638835
2023-04-26,114.91482882769903
2023-04-27,119.76461968947835
2023-04-28,117.94943993453172
2023-05-01,117.73534839871753
2023-05-02,114.72865735463006
2023-05-03,111.78713436081152
2023-05-04,105.54105512016638
2023-05-05,108.54773921903431
2023-05-08,109.84165370373884
2023-05-09,107.65412189689913
2023-05-10,109.18073044646066
2023-05-11,104.7777534018108
2023-05-12,105.83893051000132
2023-05-15,104.1633982467631
2023-05-16,105.86685898486292
2023-05-17,105.64344775880319
2023-05-18,110.55840145797838
2023-05-19,112.29910890354591
2023-05-22,111.18208962480799
2023-05-23,112.24325955331786
2023-05-24,111.85230681734264
2023-05-25,111.48925426813621
2023-05-26,111.06107392293283
2023-05-30,111.26585955730383
2023-05-31,109.84163793211334
2023-06-01,109.12486992232428
2023-06-02,113.26722000260986
2023-06-05,115.43611606642597
2023-06-06,114.44938805427454
2023-06-07,117.530553779899
2023-06-08,118.20077367828986
2023-06-09,119.74600950858978
2023-06-12,119.62497493139797
2023-06-13,117.86566303454072
2023-06-14,120.54654533806413
2023-06-15,117.76326459954673
2023-06-16,120.43484817797014
2023-06-20,118.7779019078407
2023-06-21,117.61433646191617
2023-06-22,117.80050452103487
2023-06-23,113.80711225068097
2023-06-26,115.04514895359718
2023-06-27,114.8962101933806
2023-06-28,115.31509487431387
2023-06-29,116.11564962810736
2023-06-30,118.02390871543028
2023-07-03,117.70740614910808
2023-07-05,117.71672453352222
2023-07-06,116.19942416827091
2023-07-07,115.66883751492136
2023-07-10,116.19011355919706
2023-07-11,117.42816994887853
2023-07-12,119.56913946731933
2023-07-13,119.03855617836741
2023-07-14,122.47460826040404
2023-07-17,118.95112381912548
2023-07-18,117.7734753863055
2023-07-19,122.68187682727297
2023-07-20,124.60380040810972
2023-07-21,126.78948946228175
2023-07-24,126.12057023024576
2023-07-25,128.08960943328478
2023-07-26,127.28882323166926
2023-07-27,128.946915215659
2023-07-28,126.77065433009538
2023-07-31,128.2403287412382
2023-08-01,128.3251395413375
2023-08-02,126.35610961914062
2023-08-03,126.07348648561387
2023-08-04,125.159633266763
2023-08-07,124.58496780382109
2023-08-08,121.60787827776292
2023-08-09,121.37234931045339
2023-08-10,120.62807003091325
2023-08-11,119.97802337894336
2023-08-14,121.40061062088489
2023-08-15,118.17857405888712
2023-08-16,115.8609858631607
2023-08-17,116.0211531833033
2023-08-18,114.99423737190646
2023-08-21,116.51104210371126
2023-08-22,115.77620408314168
2023-08-23,112.0831183719357
2023-08-24,112.39401578107554
2023-08-25,111.40479576206371
2023-08-28,111.79106246623161
2023-08-29,111.84759117234256
2023-08-30,113.40207384656257
2023-08-31,114.0238632345537
2023-09-01,114.66449443885705
2023-09-05,114.68334601521974
2023-09-06,113.05349432842571
2023-09-07,110.22715318529043
2023-09-08,109.58650475752758
2023-09-11,111.2540579368368
2023-09-12,111.33885318220977
2023-09-13,118.7061693724343
2023-09-14,117.57563572967386
2023-09-15,118.72500510412854
2023-09-18,118.7061659373725
2023-09-19,117.86768776333824
2023-09-20,117.96189736226803
2023-09-21,115.96461155365391
2023-09-22,115.34282556439821
2023-09-25,113.4020672602389
2023-09-26,114.28766229317903
2023-09-27,114.82466035112773
2023-09-28,114.9188714407383
2023-09-29,116.78425542994987
2023-10-02,114.9565592096001
2023-10-03,113.64702370840791
2023-10-04,112.74258883048702
2023-10-05,112.42227765817243
2023-10-06,112.67664312276895
2023-10-09,112.49764835211644
2023-10-10,115.02250895630739
2023-10-11,115.9457865492917
2023-10-12,115.79502805290339
2023-10-13,113.66587474039032
2023-10-16,112.57083592699509
2023-10-17,112.41808847339306
2023-10-18,112.73311745124832
2023-10-19,109.87875872125176
2023-10-20,110.54701092091133
2023-10-23,106.35614894725448
2023-10-24,105.20102279049817
2023-10-25,105.56380075728936
2023-10-26,106.19384663527765
2023-10-27,108.49453476287123
2023-10-30,107.1103103331695
2023-10-31,108.22723651628273
2023-11-01,109.54463150447748
2023-11-02,109.31552437721889
2023-11-03,116.5803061097827
2023-11-06,117.63041356061213
2023-11-07,115.44428347060791
2023-11-08,115.2915396332283
2023-11-09,115.42520934901557
2023-11-10,115.04333744994695
2023-11-13,114.44191886528806
2023-11-14,117.18173961454272
2023-11-15,120.84753084900704
2023-11-16,123.05274320343098
2023-11-17,124.43697212481955
2023-11-20,123.85464793262622
2023-11-21,123.64463837209044
2023-11-22,122.7090760347837
2023-11-24,121.90718668561372
2023-11-27,121.94537245172268
2023-11-28,122.76636703100381
2023-11-29,124.55153240976722
2023-11-30,126.60398427481095
2023-12-01,127.62545852234467
2023-12-04,130.90941984074914
2023-12-05,133.62059830051496
2023-12-06,133.63967994030628
2023-12-07,133.7828681154434
2023-12-08,133.59195243473127
2023-12-11,134.87114858118065
2023-12-12,134.537036270836
2023-12-13,134.28883124773913
2023-12-14,142.86146231153933
2023-12-15,145.96402700524592
2023-12-18,145.87811226716917
2023-12-19,144.57981314918834
2023-12-20,146.82322634809816
2023-12-21,144.14069897243348
2023-12-22,144.9043821843197
2023-12-26,145.4294481085035
2023-12-27,146.5368396882088
2023-12-28,148.38882227322642
2023-12-29,148.2265226596863
2024-01-02,146.99505143604142
2024-01-03,147.77784907583592
2024-01-04,144.99987249718208
2024-01-05,146.22178717244395
2024-01-08,148.92342833362926
2024-01-09,149.13344330670645
2024-01-10,147.4914633669083
2024-01-11,147.52011017862205
2024-01-12,146.39192310699804
2024-01-16,142.466672352035
2024-01-17,142.02302291443877
2024-01-18,143.65293113252002
2024-01-19,141.7722794369214
2024-01-22,145.71682944978022
2024-01-23,144.4919853136388
2024-01-24,145.53356126669019
2024-01-25,146.59445215650825
2024-01-26,145.6975438876548
2024-01-29,145.6300198887206
2024-01-30,147.84823760273
2024-01-31,146.3726325061048
2024-02-01,146.15080394661604
2024-02-02,138.85966774496413
2024-02-05,141.26111432597702
2024-02-06,140.61495827429485
2024-02-07,143.99048408270838
2024-02-08,141.93622247112324
2024-02-09,142.6113274707486
2024-02-12,142.5148920997887
2024-02-13,141.56009543859966
2024-02-14,141.41543538120092
2024-02-15,143.4600368727713
2024-02-16,143.1417723744706
2024-02-20,142.75600489895794
2024-02-21,140.39315236984828
2024-02-22,140.60531250432538
2024-02-23,140.09415208743366
2024-02-26,140.22915914126338
2024-02-27,140.29668727979112
2024-02-28,140.03627059849873
2024-02-29,142.68847680554862
2024-03-01,142.21592259088743
2024-03-04,145.62038066162737
2024-03-05,147.8675251024086
2024-03-06,143.51791557367136
2024-03-07,146.03509500018114
2024-03-08,146.20869565151847
2024-03-11,145.01278651573705
2024-03-12,147.55890041310306
2024-03-13,146.13154233073826
2024-03-14,146.3919206362051
2024-03-15,141.98444819233063
2024-03-18,144.0483606748376
2024-03-19,144.00012996110445
2024-03-20,144.36662606496216
2024-03-21,149.12127321758024
2024-03-22,152.57398356298097
2024-03-25,150.606516338422
2024-03-26,149.6227970620735
2024-03-27,150.4232722917373
2024-03-28,154.29065958579037
2024-04-01,155.660160546344
2024-04-02,153.34552383490947
2024-04-03,152.02424580191843
2024-04-04,153.26836406916038
2024-04-05,151.17553689859795
2024-04-08,152.56432931033822
2024-04-09,155.52515087788507
2024-04-10,153.24907588935292
2024-04-11,149.90249124503768
2024-04-12,146.30129473602344
2024-04-15,148.43486950330376
2024-04-16,143.3883126243104
2024-04-17,145.2198804464248
2024-04-18,143.56367228293428
2024-04-19,145.15169434627418
2024-04-22,148.82457059040792
2024-04-23,152.4682170200411
2024-04-24,152.14671303237665
2024-04-25,153.31578785407487
2024-04-26,152.04930912144138
2024-04-29,152.10774330612074
2024-04-30,150.76329566159936
2024-05-01,149.29221133282024
2024-05-02,151.79598244758003
2024-05-03,153.30606509880874
2024-05-06,153.92956960907142
2024-05-07,152.99429883775414
2024-05-08,151.2893777556771
2024-05-09,151.88366382756965
2024-05-10,153.77368220440673
2024-05-13,154.42642780486483
2024-05-14,154.90381362527592
2024-05-15,156.76461757070766
2024-05-16,157.16404716668748
2024-05-17,157.89471472918262
2024-05-20,156.18980437929636
2024-05-21,153.23787430349847
2024-05-22,153.54962049672952
2024-05-23,152.380545237283
2024-05-24,149.3408921618431
2024-05-28,150.35411322332712
2024-05-29,146.2428250069128
2024-05-30,148.58101764052736
2024-05-31,150.32489024336758
2024-06-03,153.92957804293547
2024-06-04,149.37988789923625
2024-06-05,150.90941640494822
2024-06-06,150.57818955592455
2024-06-07,149.78905040470835
2024-06-10,150.178741690806
2024-06-11,147.49960956270627
2024-06-12,149.19479106801958
2024-06-13,148.4056511587299
2024-06-14,146.20387420399507
2024-06-17,146.7883977021645
2024-06-18,148.6589353793961
2024-06-20,149.0681154942218
2024-06-21,149.2434825786871
2024-06-24,150.08133064742037
2024-06-25,150.2469483303566
2024-06-26,147.09042864003354
2024-06-27,147.236567068081
2024-06-28,149.1363225568481
2024-07-01,151.92263284560354
2024-07-02,151.51346311784397
2024-07-03,155.02071364099515
2024-07-05,154.02700043269607
2024-07-08,154.77716340132696
2024-07-09,153.9685450436968
2024-07-10,157.09583271612476
2024-07-11,161.5383607632554
2024-07-12,163.18482439356814
2024-07-15,165.97812891157676
2024-07-16,165.9781119614752
2024-07-17,174.48603371238394
2024-07-18,175.52862829829456
2024-07-19,173.76802468920582
2024-07-22,172.3123309339396
2024-07-23,173.6106475651069
2024-07-24,176.5417040313454
2024-07-25,175.28274395574505
2024-07-26,177.5154396132356
2024-07-29,178.38098849985332
2024-07-30,179.0104746332059
2024-07-31,178.51868300056367
2024-08-01,178.35147905875874
2024-08-02,170.96484046304488
2024-08-05,163.41098832596404
2024-08-06,163.21427830050214
2024-08-07,168.87965956271796
2024-08-08,165.62403211359324
2024-08-09,167.31577245107462
2024-08-12,167.8272378037258
2024-08-13,165.60435140233835
2024-08-14,165.54534281782028
2024-08-15,169.0763686375614
2024-08-16,168.97802408310218
2024-08-19,170.62058694927518
2024-08-20,170.8369650847339
2024-08-21,171.24023661103374
2024-08-22,170.7091069022047
2024-08-23,173.25656387333868
2024-08-26,176.34498210545897
2024-08-27,175.0958469806196
2024-08-28,175.64664880587173
2024-08-29,179.70880477216338
2024-08-30,180.16125280308094
2024-09-03,181.16451581712903
2024-09-04,181.46941083887776
2024-09-05,180.78091422667657
2024-09-06,177.7416726621746
2024-09-09,175.5482927335352
2024-09-10,180.3383091700857
2024-09-11,174.0631022188005
2024-09-12,174.60406679286996
2024-09-13,175.17453328772774
2024-09-16,175.3023951284638
2024-09-17,178.53835611691096
2024-09-18,178.86294670033806
2024-09-19,182.04971916817632
2024-09-20,182.87589877768022
2024-09-23,183.5349195213976
2024-09-24,182.82674574601765
2024-09-25,181.439902865956
2024-09-26,180.71206133925867
2024-09-27,180.72188949781966
2024-09-30,179.74816335282264
2024-10-01,180.47600746362082
2024-10-02,176.60071588224247
2024-10-03,175.44008689126196
2024-10-04,178.37116383528596
2024-10-07,178.99080082425144
2024-10-08,180.13175359936338
2024-10-09,177.80067801180752
2024-10-10,179.6793026864002
2024-10-11,181.96119520270898
2024-10-14,184.1840727017972
2024-10-15,187.37084574025596
2024-10-16,191.18410853610038
2024-10-17,189.3988297246745
2024-10-18,189.0120303438024
2024-10-21,186.94903605320772
2024-10-22,184.28102374052483
2024-10-23,184.33061888356602
2024-10-24,187.3854120341593
2024-10-25,188.7144740615574
2024-10-28,185.96712290844752
2024-10-29,187.95075927601943
2024-10-30,185.7290788463259
2024-10-31,188.37723701884153
2024-11-01,187.9507738729735
2024-11-04,185.7290668411516
2024-11-05,184.68766293811157
2024-11-06,198.45418721205013
2024-11-07,201.2213868501682
2024-11-08,202.13386660125082
2024-11-11,204.59357817103046
2024-11-12,207.4103652427641
2024-11-13,210.37592248881973
2024-11-14,207.5888985527536
2024-11-15,206.41853721679016
2024-11-18,205.93254656922232
2024-11-19,202.8281384478506
2024-11-20,203.53233196753797
2024-11-21,202.28262951589085
2024-11-22,204.29602599908654
2024-11-25,210.2370741208324
2024-11-26,210.1081304978589
2024-11-27,212.44883158495108
2024-11-29,214.24403145581365
2024-12-02,213.92665192534483
2024-12-03,210.56436568270078
2024-12-04,207.42028349266099
2024-12-05,206.58714791774807
2024-12-06,207.52939107118962
2024-12-09,206.2995265223869
2024-12-10,204.19686087856425
2024-12-11,204.49439730378268
2024-12-12,202.61984488629892
2024-12-13,201.39990512013586
2024-12-16,200.24938940065917
2024-12-17,197.57146914775495
2024-12-18,197.31358693868884
2024-12-19,192.70159246581912
2024-12-20,187.74247983027175
2024-12-23,189.68646099274417
2024-12-24,191.9676660498839
2024-12-26,191.8982263430799
2024-12-27,192.0370763547382
2024-12-30,190.23196591433924
2024-12-31,191.7593761212172
2025-01-02,191.2337065565555
2025-01-03,190.5790943392755
2025-01-06,196.0837326983556
2025-01-07,194.31828087645923
2025-01-08,193.06858382797307
2025-01-10,191.3031447096075
2025-01-13,187.77225136818205
2025-01-14,192.5924950374203
2025-01-15,199.38999938964844
2025-01-16,185.5
2025-01-17,198.0
2025-01-21,199.3800048828125
2025-01-22,197.47000122070312
2025-01-23,195.7100067138672
2025-01-24,196.1699981689453
2025-01-27,200.22000122070312
2025-01-28,202.64999389648438
2025-01-29,201.72000122070312
2025-01-30,204.22000122070312
2025-01-31,202.11000061035156
2025-02-03,197.19000244140625
2025-02-04,198.05999755859375
2025-02-05,200.17999267578125
2025-02-06,201.39999389648438
2025-02-07,202.61000061035156
2025-02-10,200.72000122070312
2025-02-11,196.91000366210938
2025-02-12,197.2899932861328
2025-02-13,195.72000122070312
2025-02-14,196.13999938964844
2025-02-18,194.0
2025-02-19,194.39999389648438
2025-02-20,194.3800048828125
2025-02-21,192.4499969482422
2025-02-24,188.82000732421875
2025-02-25,188.32000732421875
2025-02-26,187.11000061035156
2025-02-27,187.77999877929688
2025-02-28,190.17999267578125
2025-03-03,192.35000610351562
2025-03-04,187.0500030517578
2025-03-05,180.7899932861328
2025-03-06,178.27000427246094
2025-03-07,178.8300018310547
2025-03-10,176.0
2025-03-11,173.94000244140625
2025-03-12,172.0800018310547
2025-03-13,172.16000366210938
2025-03-14,171.14999389648438
2025-03-17,172.6199951171875
2025-03-18,174.27999877929688
2025-03-19,173.39999389648438
2025-03-20,172.30999755859375
2025-03-21,172.0
2025-03-24,175.02000427246094
2025-03-25,176.7100067138672
2025-03-26,177.77000427246094
2025-03-27,177.07000732421875
2025-03-28,174.77999877929688
2025-03-31,172.67999267578125
2025-04-01,174.16000366210938
2025-04-02,173.47999572753906
2025-04-03,168.5
2025-04-04,155.27000427246094
